-- MariaDB dump 10.19  Distrib 10.6.12-MariaDB, for debian-linux-gnu (x86_64)
--
-- Host: localhost    Database: krampoline
-- ------------------------------------------------------
-- Server version	10.6.12-MariaDB-1:10.6.12+maria~ubu2004

/*!40101 SET @OLD_CHARACTER_SET_CLIENT=@@CHARACTER_SET_CLIENT */;
/*!40101 SET @OLD_CHARACTER_SET_RESULTS=@@CHARACTER_SET_RESULTS */;
/*!40101 SET @OLD_COLLATION_CONNECTION=@@COLLATION_CONNECTION */;
/*!40101 SET NAMES utf8mb4 */;
/*!40103 SET @OLD_TIME_ZONE=@@TIME_ZONE */;
/*!40103 SET TIME_ZONE='+00:00' */;
/*!40014 SET @OLD_UNIQUE_CHECKS=@@UNIQUE_CHECKS, UNIQUE_CHECKS=0 */;
/*!40014 SET @OLD_FOREIGN_KEY_CHECKS=@@FOREIGN_KEY_CHECKS, FOREIGN_KEY_CHECKS=0 */;
/*!40101 SET @OLD_SQL_MODE=@@SQL_MODE, SQL_MODE='NO_AUTO_VALUE_ON_ZERO' */;
/*!40111 SET @OLD_SQL_NOTES=@@SQL_NOTES, SQL_NOTES=0 */;

--
-- Table structure for table `auth_info`
--

DROP TABLE IF EXISTS `auth_info`;
/*!40101 SET @saved_cs_client     = @@character_set_client */;
/*!40101 SET character_set_client = utf8 */;
CREATE TABLE `auth_info` (
  `auth_info_id` bigint(20) NOT NULL AUTO_INCREMENT,
  `created_date` datetime(6) NOT NULL,
  `deleted` bit(1) NOT NULL,
  `updated_date` datetime(6) NOT NULL,
  `auth_info_token` varchar(255) NOT NULL,
  `auth_info_type` varchar(255) NOT NULL,
  `user_id` bigint(20) NOT NULL,
  PRIMARY KEY (`auth_info_id`)
) ENGINE=InnoDB AUTO_INCREMENT=101 DEFAULT CHARSET=utf8mb4 COLLATE=utf8mb4_general_ci;
/*!40101 SET character_set_client = @saved_cs_client */;

--
-- Dumping data for table `auth_info`
--

LOCK TABLES `auth_info` WRITE;
/*!40000 ALTER TABLE `auth_info` DISABLE KEYS */;
INSERT INTO `auth_info` VALUES (1,'2023-11-11 19:14:34.600118','\0','2023-11-11 19:14:34.600118','eyJ0eXAiOiJKV1QiLCJhbGciOiJIUzI1NiJ9.eyJ1c2VySWQiOjI2LCJpYXQiOjE2OTk2OTc2NzQsImV4cCI6MTY5OTY5OTQ3NH0.EcLw4L3MGgpT92ydNENPqqKFPISWbsht8UWT3l-PTN8','SERVICE',26),(2,'2023-11-11 19:20:10.293708','\0','2023-11-11 19:20:10.293708','eyJ0eXAiOiJKV1QiLCJhbGciOiJIUzI1NiJ9.eyJ1c2VySWQiOjI3LCJpYXQiOjE2OTk2OTgwMTAsImV4cCI6MTY5OTY5OTgxMH0.U0vgryV6mQdiPZhByyqbgPvBVUzyJmxf9XXofrWBb1A','SERVICE',27),(3,'2023-11-11 19:20:43.994262','\0','2023-11-11 19:20:43.994262','eyJ0eXAiOiJKV1QiLCJhbGciOiJIUzI1NiJ9.eyJ1c2VySWQiOjI4LCJpYXQiOjE2OTk2OTgwNDMsImV4cCI6MTY5OTY5OTg0M30.806yvglhk4_4wxr8icNY-T-rV9zGuRkBGrdBRuI4GzU','SERVICE',28),(5,'2023-11-11 19:26:15.285005','\0','2023-11-11 19:26:15.285005','eyJ0eXAiOiJKV1QiLCJhbGciOiJIUzI1NiJ9.eyJ1c2VySWQiOjI5LCJpYXQiOjE2OTk2OTgzNzUsImV4cCI6MTY5OTcwMDE3NX0.5PHEmWDECKQromDmiB52yhPDfgDUSaIgUSAWNJfQemw','SERVICE',29),(7,'2023-11-11 19:29:59.321510','\0','2023-11-11 19:29:59.321510','eyJ0eXAiOiJKV1QiLCJhbGciOiJIUzI1NiJ9.eyJ1c2VySWQiOjI5LCJpYXQiOjE2OTk2OTg1OTksImV4cCI6MTY5OTcwMDM5OX0.sg-h0LmLUN6biN7ubOMI_xI_lS1USmkIVG-b-o1cUsI','SERVICE',29),(8,'2023-11-11 19:30:22.954158','\0','2023-11-11 19:30:22.954158','eyJ0eXAiOiJKV1QiLCJhbGciOiJIUzI1NiJ9.eyJ1c2VySWQiOjI2LCJpYXQiOjE2OTk2OTg2MjIsImV4cCI6MTY5OTcwMDQyMn0.tRR8ZRytCxGAMDfc7o6FHHhRlDv5wnPGbNXqD3_KNX0','SERVICE',26),(9,'2023-11-11 19:48:12.822832','\0','2023-11-11 19:48:12.822832','eyJ0eXAiOiJKV1QiLCJhbGciOiJIUzI1NiJ9.eyJ1c2VySWQiOjI2LCJpYXQiOjE2OTk2OTk2OTIsImV4cCI6MTY5OTcwMTQ5Mn0.zSGwACDwBoHvth87QpCEbX5KOFEVa6tYIfz2e7nghDw','SERVICE',26),(10,'2023-11-11 19:56:59.941593','\0','2023-11-11 19:56:59.941593','eyJ0eXAiOiJKV1QiLCJhbGciOiJIUzI1NiJ9.eyJ1c2VySWQiOjI4LCJpYXQiOjE2OTk3MDAyMTksImV4cCI6MTY5OTcwMjAxOX0.fyHhkFvE_QqvF_JPtxiXtMt8052_Xezb94LuMPY9hLs','SERVICE',28),(11,'2023-11-11 20:03:46.854188','\0','2023-11-11 20:03:46.854188','eyJ0eXAiOiJKV1QiLCJhbGciOiJIUzI1NiJ9.eyJ1c2VySWQiOjI2LCJpYXQiOjE2OTk3MDA2MjYsImV4cCI6MTY5OTcwMjQyNn0.iVxfiHCcraf2UGVsuVERfKSmOCvSMMBL2GCHXMvjpXc','SERVICE',26),(12,'2023-11-11 20:20:41.169578','\0','2023-11-11 20:20:41.169578','eyJ0eXAiOiJKV1QiLCJhbGciOiJIUzI1NiJ9.eyJ1c2VySWQiOjI2LCJpYXQiOjE2OTk3MDE2NDEsImV4cCI6MTY5OTcwMzQ0MX0.Xc_nhJLNMc-FN1HIVE3qpV6lYXibxMW4UAVxVbvr_6E','SERVICE',26),(13,'2023-11-11 20:30:18.262600','\0','2023-11-11 20:30:18.262600','eyJ0eXAiOiJKV1QiLCJhbGciOiJIUzI1NiJ9.eyJ1c2VySWQiOjI3LCJpYXQiOjE2OTk3MDIyMTgsImV4cCI6MTY5OTcwNDAxOH0.D29PwrM6VejnAMjMhH5ARFDtIZYkmU5y6baFGjJoJm8','SERVICE',27),(14,'2023-11-11 20:42:14.643732','\0','2023-11-11 20:42:14.643732','eyJ0eXAiOiJKV1QiLCJhbGciOiJIUzI1NiJ9.eyJ1c2VySWQiOjI4LCJpYXQiOjE2OTk3MDI5MzQsImV4cCI6MTY5OTcwNDczNH0.6de11oiFdcAIs82KPSc891PqW2p6fGTdJ_-sUrTMMOg','SERVICE',28),(15,'2023-11-11 20:44:45.898828','\0','2023-11-11 20:44:45.898828','eyJ0eXAiOiJKV1QiLCJhbGciOiJIUzI1NiJ9.eyJ1c2VySWQiOjI2LCJpYXQiOjE2OTk3MDMwODUsImV4cCI6MTY5OTcwNDg4NX0.Fl5Lt368ttvmEcRrzsUCdEqU7F_Z1Vfj2gysOk5qlak','SERVICE',26),(16,'2023-11-11 20:45:14.830964','\0','2023-11-11 20:45:14.830964','eyJ0eXAiOiJKV1QiLCJhbGciOiJIUzI1NiJ9.eyJ1c2VySWQiOjI4LCJpYXQiOjE2OTk3MDMxMTQsImV4cCI6MTY5OTcwNDkxNH0.xWc-luGdHhGCADmDAdvt_yxI7qfrYWshXpZf3V2Kv2o','SERVICE',28),(17,'2023-11-11 20:46:53.380152','\0','2023-11-11 20:46:53.380152','eyJ0eXAiOiJKV1QiLCJhbGciOiJIUzI1NiJ9.eyJ1c2VySWQiOjMwLCJpYXQiOjE2OTk3MDMyMTMsImV4cCI6MTY5OTcwNTAxM30.mpFgOk0hV1IGKVK5ROBI9r573uH_UioybvbudAjQnMs','SERVICE',30),(18,'2023-11-11 20:47:14.814313','\0','2023-11-11 20:47:14.814313','eyJ0eXAiOiJKV1QiLCJhbGciOiJIUzI1NiJ9.eyJ1c2VySWQiOjI4LCJpYXQiOjE2OTk3MDMyMzQsImV4cCI6MTY5OTcwNTAzNH0.tBYmUtGlXj_XN6oKwZHljL9WnXDFv4t6bCsmeJHyRlo','SERVICE',28),(19,'2023-11-11 20:59:59.630023','\0','2023-11-11 20:59:59.630023','eyJ0eXAiOiJKV1QiLCJhbGciOiJIUzI1NiJ9.eyJ1c2VySWQiOjI2LCJpYXQiOjE2OTk3MDM5OTksImV4cCI6MTY5OTcwNTc5OX0.YS1SyPPG4AcPACNsaArt1EpREXqHzj9991R_149zPjw','SERVICE',26),(20,'2023-11-11 21:02:40.182831','\0','2023-11-11 21:02:40.182831','eyJ0eXAiOiJKV1QiLCJhbGciOiJIUzI1NiJ9.eyJ1c2VySWQiOjMwLCJpYXQiOjE2OTk3MDQxNjAsImV4cCI6MTY5OTcwNTk2MH0.U__vSX3I-T68wpI1ogmEI7RVKCJiA1KCmRVPWiHmzW4','SERVICE',30),(21,'2023-11-11 21:11:55.302729','\0','2023-11-11 21:11:55.302729','eyJ0eXAiOiJKV1QiLCJhbGciOiJIUzI1NiJ9.eyJ1c2VySWQiOjMwLCJpYXQiOjE2OTk3MDQ3MTUsImV4cCI6MTY5OTcwNjUxNX0.gxBKv3PidvK5VWeMECLxHSs3Lgm1h9zlzE5CiVxogsE','SERVICE',30),(22,'2023-11-11 21:12:10.573788','\0','2023-11-11 21:12:10.573788','eyJ0eXAiOiJKV1QiLCJhbGciOiJIUzI1NiJ9.eyJ1c2VySWQiOjMwLCJpYXQiOjE2OTk3MDQ3MzAsImV4cCI6MTY5OTcwNjUzMH0.fTq3EoD2v63KBH8EK_7EAvVm8iwrxYKj2E_s4LhEF8A','SERVICE',30),(23,'2023-11-11 21:12:37.409328','\0','2023-11-11 21:12:37.409328','eyJ0eXAiOiJKV1QiLCJhbGciOiJIUzI1NiJ9.eyJ1c2VySWQiOjI4LCJpYXQiOjE2OTk3MDQ3NTcsImV4cCI6MTY5OTcwNjU1N30.7MKm6kM6LY5nhh6vuLtSoSkXHl2hPHjqkLQVi5Xmkyg','SERVICE',28),(24,'2023-11-11 21:19:30.404211','\0','2023-11-11 21:19:30.404211','eyJ0eXAiOiJKV1QiLCJhbGciOiJIUzI1NiJ9.eyJ1c2VySWQiOjI2LCJpYXQiOjE2OTk3MDUxNzAsImV4cCI6MTY5OTcwNjk3MH0.__cxXFJZKTgzfIDn8KfKH1XV6BeJgVjinbVKYYrAUuo','SERVICE',26),(25,'2023-11-11 21:25:34.735712','\0','2023-11-11 21:25:34.735712','eyJ0eXAiOiJKV1QiLCJhbGciOiJIUzI1NiJ9.eyJ1c2VySWQiOjI2LCJpYXQiOjE2OTk3MDU1MzQsImV4cCI6MTY5OTcwNzMzNH0.txhU9EmFe-jJqxxoo2x9lkyNRoDbBGkMLrSKhrYL_40','SERVICE',26),(26,'2023-11-11 21:48:49.124377','\0','2023-11-11 21:48:49.124377','eyJ0eXAiOiJKV1QiLCJhbGciOiJIUzI1NiJ9.eyJ1c2VySWQiOjMwLCJpYXQiOjE2OTk3MDY5MjksImV4cCI6MTY5OTcwODcyOX0.5xn_ARgiirZGL6OkRsROz0vPWdMQcq0I-oTzQAhkyRc','SERVICE',30),(27,'2023-11-11 21:51:23.634911','\0','2023-11-11 21:51:23.634911','eyJ0eXAiOiJKV1QiLCJhbGciOiJIUzI1NiJ9.eyJ1c2VySWQiOjI2LCJpYXQiOjE2OTk3MDcwODMsImV4cCI6MTY5OTcwODg4M30.ZZ5rzREUznHKUMCsHEUe6GfHZp7K3egw38OVthw54oQ','SERVICE',26),(30,'2023-11-11 22:07:28.547846','\0','2023-11-11 22:07:28.547846','eyJ0eXAiOiJKV1QiLCJhbGciOiJIUzI1NiJ9.eyJ1c2VySWQiOjMwLCJpYXQiOjE2OTk3MDgwNDgsImV4cCI6MTY5OTcwOTg0OH0.iS4F_f2LA_wPYjqAd064QWeFBKZqykmselpRx395s8c','SERVICE',30),(31,'2023-11-11 22:20:36.746302','\0','2023-11-11 22:20:36.746302','eyJ0eXAiOiJKV1QiLCJhbGciOiJIUzI1NiJ9.eyJ1c2VySWQiOjMwLCJpYXQiOjE2OTk3MDg4MzYsImV4cCI6MTY5OTcxMDYzNn0.UFbgn-Gsn4o8lAes1yKZNrJAM5N6Q_9QnB-Jjhm3CmM','SERVICE',30),(32,'2023-11-11 22:29:58.578434','\0','2023-11-11 22:29:58.578434','eyJ0eXAiOiJKV1QiLCJhbGciOiJIUzI1NiJ9.eyJ1c2VySWQiOjI4LCJpYXQiOjE2OTk3MDkzOTgsImV4cCI6MTY5OTcxMTE5OH0.ZQqLrdM6sMD10C9eYwjAVDWnnJut5p0Or_LIRWZZDT4','SERVICE',28),(34,'2023-11-11 22:31:03.901416','\0','2023-11-11 22:31:03.901416','eyJ0eXAiOiJKV1QiLCJhbGciOiJIUzI1NiJ9.eyJ1c2VySWQiOjMwLCJpYXQiOjE2OTk3MDk0NjMsImV4cCI6MTY5OTcxMTI2M30.cfroP22wUXQm83nuQjVe6KDfc0fs99tNgQhnAoXUnZQ','SERVICE',30),(35,'2023-11-11 22:31:19.133326','\0','2023-11-11 22:31:19.133326','eyJ0eXAiOiJKV1QiLCJhbGciOiJIUzI1NiJ9.eyJ1c2VySWQiOjI3LCJpYXQiOjE2OTk3MDk0NzksImV4cCI6MTY5OTcxMTI3OX0.u4Dg0L6lmHFnEw_H_RC-iLNTRSRhheCx3IlvUDzYYdw','SERVICE',27),(37,'2023-11-11 22:33:34.610550','\0','2023-11-11 22:33:34.610550','eyJ0eXAiOiJKV1QiLCJhbGciOiJIUzI1NiJ9.eyJ1c2VySWQiOjMyLCJpYXQiOjE2OTk3MDk2MTQsImV4cCI6MTY5OTcxMTQxNH0.5TV8aMnMWVXS7JZt41VeBiqsWlifpztfexLeS668qZE','SERVICE',32),(38,'2023-11-11 22:38:15.798805','\0','2023-11-11 22:38:15.798805','eyJ0eXAiOiJKV1QiLCJhbGciOiJIUzI1NiJ9.eyJ1c2VySWQiOjMzLCJpYXQiOjE2OTk3MDk4OTUsImV4cCI6MTY5OTcxMTY5NX0.ohi1tCogSE8-C--MPUHwFqFGRVNwpvMPd8ZkHLysqhc','SERVICE',33),(39,'2023-11-11 22:50:02.178960','\0','2023-11-11 22:50:02.178960','eyJ0eXAiOiJKV1QiLCJhbGciOiJIUzI1NiJ9.eyJ1c2VySWQiOjMxLCJpYXQiOjE2OTk3MTA2MDIsImV4cCI6MTY5OTcxMjQwMn0.5f3b_osDsv4egwMt8Anzk-Hph7rdBTYkA7tyy7itXW4','SERVICE',31),(40,'2023-11-11 23:10:06.920863','\0','2023-11-11 23:10:06.920863','eyJ0eXAiOiJKV1QiLCJhbGciOiJIUzI1NiJ9.eyJ1c2VySWQiOjMwLCJpYXQiOjE2OTk3MTE4MDYsImV4cCI6MTY5OTcxMzYwNn0.GrEN0mw_LaIvNmQLsl11Xhlnu4Hu5gDjc9LwAfp1qMs','SERVICE',30),(41,'2023-11-11 23:10:42.576519','\0','2023-11-11 23:10:42.576519','eyJ0eXAiOiJKV1QiLCJhbGciOiJIUzI1NiJ9.eyJ1c2VySWQiOjI4LCJpYXQiOjE2OTk3MTE4NDIsImV4cCI6MTY5OTcxMzY0Mn0.8OCFQmdnW1QxyJIBgmCn9gPs87Vo4KN1qh1rfwXmJ7Y','SERVICE',28),(42,'2023-11-11 23:12:24.761367','\0','2023-11-11 23:12:24.761367','eyJ0eXAiOiJKV1QiLCJhbGciOiJIUzI1NiJ9.eyJ1c2VySWQiOjMwLCJpYXQiOjE2OTk3MTE5NDQsImV4cCI6MTY5OTcxMzc0NH0.FcF9JvklXCGNdFKsvfnc03NsoktreJdsJQTsH7hwjIo','SERVICE',30),(45,'2023-11-11 23:35:28.006483','\0','2023-11-11 23:35:28.006483','eyJ0eXAiOiJKV1QiLCJhbGciOiJIUzI1NiJ9.eyJ1c2VySWQiOjMwLCJpYXQiOjE2OTk3MTMzMjgsImV4cCI6MTY5OTcxNTEyOH0.mgTKRqGUPnSj1K4nbZK6hs50aKGAprrHTme3lCELnZ0','SERVICE',30),(46,'2023-11-11 23:37:42.606700','\0','2023-11-11 23:37:42.606700','eyJ0eXAiOiJKV1QiLCJhbGciOiJIUzI1NiJ9.eyJ1c2VySWQiOjI2LCJpYXQiOjE2OTk3MTM0NjIsImV4cCI6MTcwNDk3MzA2Mn0.l-58N3z0_v5OhlLoOIdqvopcbKNrX4L-2Lcx3ih7s3s','SERVICE',26),(47,'2023-11-11 23:41:59.121749','\0','2023-11-11 23:41:59.121749','eyJ0eXAiOiJKV1QiLCJhbGciOiJIUzI1NiJ9.eyJ1c2VySWQiOjI3LCJpYXQiOjE2OTk3MTM3MTksImV4cCI6MTcwNDk3MzMxOX0.-Q6ydHCzv-bvgvlsO0GQETY2YTvH_93Wf6cAoZATTes','SERVICE',27),(48,'2023-11-11 23:46:32.992107','\0','2023-11-11 23:46:32.992107','eyJ0eXAiOiJKV1QiLCJhbGciOiJIUzI1NiJ9.eyJ1c2VySWQiOjMwLCJpYXQiOjE2OTk3MTM5OTIsImV4cCI6MTcwNDk3MzU5Mn0.yXPdBc5S4ANo8tyxYAxC9ZaqZFT7OdGBVBvWKZU6HpE','SERVICE',30),(49,'2023-11-11 23:51:01.827412','\0','2023-11-11 23:51:01.827412','eyJ0eXAiOiJKV1QiLCJhbGciOiJIUzI1NiJ9.eyJ1c2VySWQiOjMwLCJpYXQiOjE2OTk3MTQyNjEsImV4cCI6MTcwNDk3Mzg2MX0.rU_Gnn9DQr5yswWeZRF6w4dQypV6EATPQwQUg0yCiIg','SERVICE',30),(50,'2023-11-11 23:53:07.214487','\0','2023-11-11 23:53:07.214487','eyJ0eXAiOiJKV1QiLCJhbGciOiJIUzI1NiJ9.eyJ1c2VySWQiOjI2LCJpYXQiOjE2OTk3MTQzODcsImV4cCI6MTcwNDk3Mzk4N30.E2X9z5kb3scVkmVwi21vom6yr35Zh5V1dBMt_oeFAIs','SERVICE',26),(51,'2023-11-11 23:53:45.992180','\0','2023-11-11 23:53:45.992180','eyJ0eXAiOiJKV1QiLCJhbGciOiJIUzI1NiJ9.eyJ1c2VySWQiOjMwLCJpYXQiOjE2OTk3MTQ0MjUsImV4cCI6MTcwNDk3NDAyNX0.JG4d6NoHvwYD85e6mNSX9HBNJfcMNigbxgM7p_c78mw','SERVICE',30),(52,'2023-11-11 23:57:54.512414','\0','2023-11-11 23:57:54.512414','eyJ0eXAiOiJKV1QiLCJhbGciOiJIUzI1NiJ9.eyJ1c2VySWQiOjMwLCJpYXQiOjE2OTk3MTQ2NzQsImV4cCI6MTcwNDk3NDI3NH0.qHhiCwHVttB8CRrdDdyxhTjnNZVg2Rmk1YD3k_ArwBk','SERVICE',30),(53,'2023-11-12 00:02:25.996130','\0','2023-11-12 00:02:25.996130','eyJ0eXAiOiJKV1QiLCJhbGciOiJIUzI1NiJ9.eyJ1c2VySWQiOjM0LCJpYXQiOjE2OTk3MTQ5NDUsImV4cCI6MTcwNDk3NDU0NX0.PI-j4W7R-GBbU4XGAUa2iRj6mZvCavukg4PBFeZJ6o4','SERVICE',34),(54,'2023-11-12 00:03:07.591468','\0','2023-11-12 00:03:07.591468','eyJ0eXAiOiJKV1QiLCJhbGciOiJIUzI1NiJ9.eyJ1c2VySWQiOjM1LCJpYXQiOjE2OTk3MTQ5ODcsImV4cCI6MTcwNDk3NDU4N30.omYeFeE2FfO8dJ7ex4AqUXv5zjZHwZE3c70sRK6Anj0','SERVICE',35),(55,'2023-11-12 00:03:17.639454','\0','2023-11-12 00:03:17.639454','eyJ0eXAiOiJKV1QiLCJhbGciOiJIUzI1NiJ9.eyJ1c2VySWQiOjMwLCJpYXQiOjE2OTk3MTQ5OTcsImV4cCI6MTcwNDk3NDU5N30.bvUq4gR2BGFX3dJHB0167LcdqntBIwmbRbQdg2vItzc','SERVICE',30),(56,'2023-11-12 00:07:57.788395','\0','2023-11-12 00:07:57.788395','eyJ0eXAiOiJKV1QiLCJhbGciOiJIUzI1NiJ9.eyJ1c2VySWQiOjM1LCJpYXQiOjE2OTk3MTUyNzcsImV4cCI6MTcwNDk3NDg3N30.zyZzQ3sVru41VKS0LC27YZBXYEQuQ-CpIhUv9iB_Iz4','SERVICE',35),(57,'2023-11-12 00:10:55.116205','\0','2023-11-12 00:10:55.116205','eyJ0eXAiOiJKV1QiLCJhbGciOiJIUzI1NiJ9.eyJ1c2VySWQiOjI2LCJpYXQiOjE2OTk3MTU0NTUsImV4cCI6MTcwNDk3NTA1NX0.9mh4LQsAh7w-frLcWjEiKIX4lJOmr8y51ch84iglk9E','SERVICE',26),(58,'2023-11-12 00:14:57.777515','\0','2023-11-12 00:14:57.777515','eyJ0eXAiOiJKV1QiLCJhbGciOiJIUzI1NiJ9.eyJ1c2VySWQiOjM2LCJpYXQiOjE2OTk3MTU2OTcsImV4cCI6MTcwNDk3NTI5N30.2MnEmBpGQEeANY8Ba7RgJgubEkETa_z1J_vIj0opDXI','SERVICE',36),(59,'2023-11-12 00:15:29.685415','\0','2023-11-12 00:15:29.685415','eyJ0eXAiOiJKV1QiLCJhbGciOiJIUzI1NiJ9.eyJ1c2VySWQiOjM4LCJpYXQiOjE2OTk3MTU3MjksImV4cCI6MTcwNDk3NTMyOX0.m0muYzA-L3CVkiVbUJ5EdKfKCqHV-dm6OZNb5GBRycQ','SERVICE',38),(60,'2023-11-12 00:15:30.648092','\0','2023-11-12 00:15:30.648092','eyJ0eXAiOiJKV1QiLCJhbGciOiJIUzI1NiJ9.eyJ1c2VySWQiOjM3LCJpYXQiOjE2OTk3MTU3MzAsImV4cCI6MTcwNDk3NTMzMH0.5-F3vFOBfsIpNvEJMRzpfhq9_UJ_sGS1bjD1SNtMqVA','SERVICE',37),(61,'2023-11-12 00:22:26.438129','\0','2023-11-12 00:22:26.438129','eyJ0eXAiOiJKV1QiLCJhbGciOiJIUzI1NiJ9.eyJ1c2VySWQiOjMyLCJpYXQiOjE2OTk3MTYxNDYsImV4cCI6MTcwNDk3NTc0Nn0.U70EhJxTYjYFb6vi9hviyUCTjnqQDjQ38-EgEiOIaj4','SERVICE',32),(62,'2023-11-12 00:24:38.655593','\0','2023-11-12 00:24:38.655593','eyJ0eXAiOiJKV1QiLCJhbGciOiJIUzI1NiJ9.eyJ1c2VySWQiOjMyLCJpYXQiOjE2OTk3MTYyNzgsImV4cCI6MTcwNDk3NTg3OH0.QAb3mB8Y75b_DvFcCid7iUVea7gBe-9FVLqkrzRY5Qk','SERVICE',32),(63,'2023-11-12 00:25:13.505916','\0','2023-11-12 00:25:13.505916','eyJ0eXAiOiJKV1QiLCJhbGciOiJIUzI1NiJ9.eyJ1c2VySWQiOjM5LCJpYXQiOjE2OTk3MTYzMTMsImV4cCI6MTcwNDk3NTkxM30.ndu5G30TlWwK6fR35XnSX_s3AsdBRCX_rE0RvAHDmxU','SERVICE',39),(64,'2023-11-12 00:35:16.405115','\0','2023-11-12 00:35:16.405115','eyJ0eXAiOiJKV1QiLCJhbGciOiJIUzI1NiJ9.eyJ1c2VySWQiOjM1LCJpYXQiOjE2OTk3MTY5MTYsImV4cCI6MTcwNDk3NjUxNn0.ukUfvZl9VQ0z5mgRXNzkKtOvaNOoTksTrLvkWchBvcg','SERVICE',35),(65,'2023-11-12 00:58:30.775186','\0','2023-11-12 00:58:30.775186','eyJ0eXAiOiJKV1QiLCJhbGciOiJIUzI1NiJ9.eyJ1c2VySWQiOjI4LCJpYXQiOjE2OTk3MTgzMTAsImV4cCI6MTcwNDk3NzkxMH0.nOakbOw_KGLTAeHAcsokAzbt6AB1NcuYqY9DGGQxWto','SERVICE',28),(66,'2023-11-12 04:00:05.856743','\0','2023-11-12 04:00:05.856743','eyJ0eXAiOiJKV1QiLCJhbGciOiJIUzI1NiJ9.eyJ1c2VySWQiOjM1LCJpYXQiOjE2OTk3MjkyMDUsImV4cCI6MTcwNDk4ODgwNX0.kD8wqc49ALEmh7R05P8APX05eTzzSMvUiM6LPmu346M','SERVICE',35),(67,'2023-11-12 11:32:25.803221','\0','2023-11-12 11:32:25.803221','eyJ0eXAiOiJKV1QiLCJhbGciOiJIUzI1NiJ9.eyJ1c2VySWQiOjQwLCJpYXQiOjE2OTk3NTYzNDUsImV4cCI6MTcwNTAxNTk0NX0.FqqPs4iTGo0gVXe-_LvcjetUVbjCeozxLKiYcNP45UE','SERVICE',40),(68,'2023-11-12 14:16:24.075952','\0','2023-11-12 14:16:24.075952','eyJ0eXAiOiJKV1QiLCJhbGciOiJIUzI1NiJ9.eyJ1c2VySWQiOjQxLCJpYXQiOjE2OTk3NjYxODQsImV4cCI6MTcwNTAyNTc4NH0.PP0Cm4Zq7oXUWjPqCt_XSZlFp9TYKHRkOBihVMlNeLY','SERVICE',41),(69,'2023-11-12 16:28:36.003823','\0','2023-11-12 16:28:36.003823','eyJ0eXAiOiJKV1QiLCJhbGciOiJIUzI1NiJ9.eyJ1c2VySWQiOjQyLCJpYXQiOjE2OTk3NzQxMTYsImV4cCI6MTcwNTAzMzcxNn0.Tp78cwbnnp0SKz9jNEmQnA7lJu50qEOHwY-ed--818o','SERVICE',42),(70,'2023-11-12 18:09:21.283230','\0','2023-11-12 18:09:21.283230','eyJ0eXAiOiJKV1QiLCJhbGciOiJIUzI1NiJ9.eyJ1c2VySWQiOjM1LCJpYXQiOjE2OTk3ODAxNjEsImV4cCI6MTcwNTAzOTc2MX0.H7rVM6Nk9oz_5XeVzb2EbZ9u5rYbZ_wEI2l2zLu8v6s','SERVICE',35),(71,'2023-11-12 18:19:06.977453','\0','2023-11-12 18:19:06.977453','eyJ0eXAiOiJKV1QiLCJhbGciOiJIUzI1NiJ9.eyJ1c2VySWQiOjM1LCJpYXQiOjE2OTk3ODA3NDYsImV4cCI6MTcwNTA0MDM0Nn0.5J9Dlk9fYw1zXYue4NOl8PAEh_KOUYM1UBUdMP7gc7A','SERVICE',35),(72,'2023-11-12 18:21:55.603545','\0','2023-11-12 18:21:55.603545','eyJ0eXAiOiJKV1QiLCJhbGciOiJIUzI1NiJ9.eyJ1c2VySWQiOjM1LCJpYXQiOjE2OTk3ODA5MTUsImV4cCI6MTcwNTA0MDUxNX0.cMnUAFC4QUXtU3qgXv5TsLHTcsFPADZtKVt3zk9TBY4','SERVICE',35),(73,'2023-11-12 19:48:11.795930','\0','2023-11-12 19:48:11.795930','eyJ0eXAiOiJKV1QiLCJhbGciOiJIUzI1NiJ9.eyJ1c2VySWQiOjQzLCJpYXQiOjE2OTk3ODYwOTEsImV4cCI6MTcwNTA0NTY5MX0.tf4nUMaayP2kqrqzNeYsjBeWZcQwFHk1_EvGU4Cb-PM','SERVICE',43),(74,'2023-11-12 20:17:52.962746','\0','2023-11-12 20:17:52.962746','eyJ0eXAiOiJKV1QiLCJhbGciOiJIUzI1NiJ9.eyJ1c2VySWQiOjI3LCJpYXQiOjE2OTk3ODc4NzIsImV4cCI6MTcwNTA0NzQ3Mn0.agFsHaZFAKUr4opZ4GZXnOvtiaVjUVaXRb1xXpboys8','SERVICE',27),(75,'2023-11-12 20:35:21.985771','\0','2023-11-12 20:35:21.985771','eyJ0eXAiOiJKV1QiLCJhbGciOiJIUzI1NiJ9.eyJ1c2VySWQiOjQxLCJpYXQiOjE2OTk3ODg5MjEsImV4cCI6MTcwNTA0ODUyMX0.SJeUkwVHx3GdkPnswSXfPaVwDaxjPwuV04BJbPw5YzQ','SERVICE',41),(76,'2023-11-12 22:17:07.089326','\0','2023-11-12 22:17:07.089326','eyJ0eXAiOiJKV1QiLCJhbGciOiJIUzI1NiJ9.eyJ1c2VySWQiOjM1LCJpYXQiOjE2OTk3OTUwMjcsImV4cCI6MTcwNTA1NDYyN30.JHA1Rylab_5FlzmhQi88MCvCUhw18RJSPBzL6A9AhKQ','SERVICE',35),(77,'2023-11-12 23:25:30.649455','\0','2023-11-12 23:25:30.649455','eyJ0eXAiOiJKV1QiLCJhbGciOiJIUzI1NiJ9.eyJ1c2VySWQiOjQ0LCJpYXQiOjE2OTk3OTkxMzAsImV4cCI6MTcwNTA1ODczMH0.VsUeuaMLs7DOmu-dwH2csosVDCHUv_MzN7L-u_XZCgU','SERVICE',44),(78,'2023-11-13 01:17:27.272546','\0','2023-11-13 01:17:27.272546','eyJ0eXAiOiJKV1QiLCJhbGciOiJIUzI1NiJ9.eyJ1c2VySWQiOjMwLCJpYXQiOjE2OTk4MDU4NDcsImV4cCI6MTcwNTA2NTQ0N30.9xWc2QrN9WWJh4ofeaPInkcEeX9igZxEj7gS1b8IvPU','SERVICE',30),(79,'2023-11-13 01:19:30.140802','\0','2023-11-13 01:19:30.140802','eyJ0eXAiOiJKV1QiLCJhbGciOiJIUzI1NiJ9.eyJ1c2VySWQiOjMwLCJpYXQiOjE2OTk4MDU5NzAsImV4cCI6MTcwNTA2NTU3MH0.KNMxz62hAuAvBhvehVOefAq0ZdNEEF2K6PQ5iAHhW5Y','SERVICE',30),(80,'2023-11-13 11:09:40.400399','\0','2023-11-13 11:09:40.400399','eyJ0eXAiOiJKV1QiLCJhbGciOiJIUzI1NiJ9.eyJ1c2VySWQiOjQ1LCJpYXQiOjE2OTk4NDEzODAsImV4cCI6MTcwNTEwMDk4MH0.fep_isVW38-01gTTlkkNShMTmNdHoNvdBUExXzciQpE','SERVICE',45),(81,'2023-11-13 13:10:56.022922','\0','2023-11-13 13:10:56.022922','eyJ0eXAiOiJKV1QiLCJhbGciOiJIUzI1NiJ9.eyJ1c2VySWQiOjM1LCJpYXQiOjE2OTk4NDg2NTYsImV4cCI6MTcwNTEwODI1Nn0.L6bz9T99Wy3ettKv34Jwz8kDt6piu6rCh128dcU473o','SERVICE',35),(82,'2023-11-13 15:28:53.175155','\0','2023-11-13 15:28:53.175155','eyJ0eXAiOiJKV1QiLCJhbGciOiJIUzI1NiJ9.eyJ1c2VySWQiOjQzLCJpYXQiOjE2OTk4NTY5MzMsImV4cCI6MTcwNTExNjUzM30.y7nHAmZu1WI5xXyv-_rJq6Xi5BC3uXraJ3O8fTDQneE','SERVICE',43),(83,'2023-11-13 16:07:10.487771','\0','2023-11-13 16:07:10.487771','eyJ0eXAiOiJKV1QiLCJhbGciOiJIUzI1NiJ9.eyJ1c2VySWQiOjI4LCJpYXQiOjE2OTk4NTkyMzAsImV4cCI6MTcwNTExODgzMH0.l28MaRFOtPAPsA-XewwgDnfV7Eb6lG26Q9ROd5Sypm8','SERVICE',28),(84,'2023-11-13 16:13:56.712302','\0','2023-11-13 16:13:56.712302','eyJ0eXAiOiJKV1QiLCJhbGciOiJIUzI1NiJ9.eyJ1c2VySWQiOjQ2LCJpYXQiOjE2OTk4NTk2MzYsImV4cCI6MTcwNTExOTIzNn0.c_Dr-zDsHQetApVpCjDvLmGMH1u_aqBizL_evs9_j_s','SERVICE',46),(85,'2023-11-13 16:21:41.651982','\0','2023-11-13 16:21:41.651982','eyJ0eXAiOiJKV1QiLCJhbGciOiJIUzI1NiJ9.eyJ1c2VySWQiOjQ4LCJpYXQiOjE2OTk4NjAxMDEsImV4cCI6MTcwNTExOTcwMX0.8OP5NzQR--HsaSxtUTt8cAYHe2P9afJOpL_Z3dstaHM','SERVICE',48),(86,'2023-11-13 16:22:35.445136','\0','2023-11-13 16:22:35.445136','eyJ0eXAiOiJKV1QiLCJhbGciOiJIUzI1NiJ9.eyJ1c2VySWQiOjI4LCJpYXQiOjE2OTk4NjAxNTUsImV4cCI6MTcwNTExOTc1NX0.Cy8w1aEkNjOuM1opEJUma2u346hh63KapqDoHOnUZO0','SERVICE',28),(87,'2023-11-13 17:02:03.982120','\0','2023-11-13 17:02:03.982120','eyJ0eXAiOiJKV1QiLCJhbGciOiJIUzI1NiJ9.eyJ1c2VySWQiOjQyLCJpYXQiOjE2OTk4NjI1MjMsImV4cCI6MTcwNTEyMjEyM30.MaOpwsPkqRELz5ZGlRb20I0Wj4nk5jCstzW08Vw-FG4','SERVICE',42),(88,'2023-11-13 17:04:28.345581','\0','2023-11-13 17:04:28.345581','eyJ0eXAiOiJKV1QiLCJhbGciOiJIUzI1NiJ9.eyJ1c2VySWQiOjI2LCJpYXQiOjE2OTk4NjI2NjgsImV4cCI6MTcwNTEyMjI2OH0.7yRMzTU5KicEgfqyXTOJb4L1lGgI2PjFnXnkFdf0XQ8','SERVICE',26),(89,'2023-11-13 17:05:12.120434','\0','2023-11-13 17:05:12.120434','eyJ0eXAiOiJKV1QiLCJhbGciOiJIUzI1NiJ9.eyJ1c2VySWQiOjQ5LCJpYXQiOjE2OTk4NjI3MTIsImV4cCI6MTcwNTEyMjMxMn0._dx1PmRyFDAYXehbmyUOksMjz9C-U4DpVr62rxkD31k','SERVICE',49),(90,'2023-11-13 17:05:47.984318','\0','2023-11-13 17:05:47.984318','eyJ0eXAiOiJKV1QiLCJhbGciOiJIUzI1NiJ9.eyJ1c2VySWQiOjMwLCJpYXQiOjE2OTk4NjI3NDcsImV4cCI6MTcwNTEyMjM0N30.W7BrTaoeyZc-xuVmnC61IFu4DG7MJMtZhp3MYCKInBo','SERVICE',30),(91,'2023-11-13 17:07:36.458061','\0','2023-11-13 17:07:36.458061','eyJ0eXAiOiJKV1QiLCJhbGciOiJIUzI1NiJ9.eyJ1c2VySWQiOjI2LCJpYXQiOjE2OTk4NjI4NTYsImV4cCI6MTcwNTEyMjQ1Nn0.QiCTjRnlYzFmBsTa-QRIDyLA70AWkpaHkQxghYWwO0g','SERVICE',26),(92,'2023-11-13 17:27:47.287714','\0','2023-11-13 17:27:47.287714','eyJ0eXAiOiJKV1QiLCJhbGciOiJIUzI1NiJ9.eyJ1c2VySWQiOjUwLCJpYXQiOjE2OTk4NjQwNjcsImV4cCI6MTcwNTEyMzY2N30.cXdXMHeZDDT_uowwHRbu8I1HyrTorubRDAfY-0emRKM','SERVICE',50),(93,'2023-11-13 17:28:51.732577','\0','2023-11-13 17:28:51.732577','eyJ0eXAiOiJKV1QiLCJhbGciOiJIUzI1NiJ9.eyJ1c2VySWQiOjI2LCJpYXQiOjE2OTk4NjQxMzEsImV4cCI6MTcwNTEyMzczMX0.d-ZZJzjbZT64sYdwveWKZ1CltrcbOXZ9kg7y7j_op20','SERVICE',26),(94,'2023-11-13 17:46:21.879367','\0','2023-11-13 17:46:21.879367','eyJ0eXAiOiJKV1QiLCJhbGciOiJIUzI1NiJ9.eyJ1c2VySWQiOjMyLCJpYXQiOjE2OTk4NjUxODEsImV4cCI6MTcwNTEyNDc4MX0.JU5683136iPew4Zbz0Y8Fmr6J6ilgnuj7IGeOqLVgco','SERVICE',32),(95,'2023-11-13 17:53:38.200738','\0','2023-11-13 17:53:38.200738','eyJ0eXAiOiJKV1QiLCJhbGciOiJIUzI1NiJ9.eyJ1c2VySWQiOjI4LCJpYXQiOjE2OTk4NjU2MTgsImV4cCI6MTcwNTEyNTIxOH0.BzO7tCS9ipVcEp4cUKEuNXJJ6uZ-ST6cAaBD41Q-mUM','SERVICE',28),(96,'2023-11-13 17:55:38.827815','\0','2023-11-13 17:55:38.827815','eyJ0eXAiOiJKV1QiLCJhbGciOiJIUzI1NiJ9.eyJ1c2VySWQiOjM1LCJpYXQiOjE2OTk4NjU3MzgsImV4cCI6MTcwNTEyNTMzOH0.XOLmXP_F0ZA3gJWGI2PyU5NwU2-hrw3lq78z2cHfPrQ','SERVICE',35),(97,'2023-11-13 18:00:33.702767','\0','2023-11-13 18:00:33.702767','eyJ0eXAiOiJKV1QiLCJhbGciOiJIUzI1NiJ9.eyJ1c2VySWQiOjUxLCJpYXQiOjE2OTk4NjYwMzMsImV4cCI6MTcwNTEyNTYzM30.RJeR2uT0MIxOPofyzRpeQOpRcUfAWRmOQhXVfhfPDEI','SERVICE',51),(98,'2023-11-13 21:46:35.196473','\0','2023-11-13 21:46:35.196473','eyJ0eXAiOiJKV1QiLCJhbGciOiJIUzI1NiJ9.eyJ1c2VySWQiOjI5LCJpYXQiOjE2OTk4Nzk1OTUsImV4cCI6MTcwNTEzOTE5NX0.M0NuGJ7ebIcjBX9VvTFgYXnNRH3LBTSHAos2A_iVHl8','SERVICE',29),(99,'2023-11-13 21:59:07.318895','\0','2023-11-13 21:59:07.318895','eyJ0eXAiOiJKV1QiLCJhbGciOiJIUzI1NiJ9.eyJ1c2VySWQiOjM1LCJpYXQiOjE2OTk4ODAzNDcsImV4cCI6MTcwNTEzOTk0N30.0BTaED1X7Nx78tT0kL-CU2A48CWAbwgIdfXzaLJlK8A','SERVICE',35),(100,'2023-11-13 22:31:09.884747','\0','2023-11-13 22:31:09.884747','eyJ0eXAiOiJKV1QiLCJhbGciOiJIUzI1NiJ9.eyJ1c2VySWQiOjUyLCJpYXQiOjE2OTk4ODIyNjksImV4cCI6MTcwNTE0MTg2OX0.SJ1TazXHg-jP3meE8_FR3bA34EM8fjE1niQlJUDEc-U','SERVICE',52);
/*!40000 ALTER TABLE `auth_info` ENABLE KEYS */;
UNLOCK TABLES;

--
-- Table structure for table `comment`
--

DROP TABLE IF EXISTS `comment`;
/*!40101 SET @saved_cs_client     = @@character_set_client */;
/*!40101 SET character_set_client = utf8 */;
CREATE TABLE `comment` (
  `comment_id` bigint(20) NOT NULL AUTO_INCREMENT,
  `created_date` datetime(6) NOT NULL,
  `deleted` bit(1) NOT NULL,
  `updated_date` datetime(6) NOT NULL,
  `comment_content` varchar(255) NOT NULL,
  `comment_user_id` bigint(20) NOT NULL,
  `comment_vote_id` bigint(20) NOT NULL,
  PRIMARY KEY (`comment_id`)
) ENGINE=InnoDB AUTO_INCREMENT=142 DEFAULT CHARSET=utf8mb4 COLLATE=utf8mb4_general_ci;
/*!40101 SET character_set_client = @saved_cs_client */;

--
-- Dumping data for table `comment`
--

LOCK TABLES `comment` WRITE;
/*!40000 ALTER TABLE `comment` DISABLE KEYS */;
INSERT INTO `comment` VALUES (1,'2023-11-11 19:13:01.000000','\0','2023-11-11 19:13:01.000000','츄리닝을 고민하냐 이양반아',2,1),(2,'2023-11-11 19:13:01.000000','\0','2023-11-11 19:13:01.000000','아니 누구랑 가는데?',2,1),(3,'2023-11-11 19:13:01.000000','\0','2023-11-11 19:13:01.000000','부럽다.. 인싸구나',2,1),(4,'2023-11-11 19:13:01.000000','\0','2023-11-11 19:13:01.000000','축제는 무조건 힙합이긴함',3,1),(5,'2023-11-11 19:13:01.000000','\0','2023-11-11 19:13:01.000000','나도 츠리닝 입고 갔는데 다들 꾸미고 와서 부끄러웠음..',3,1),(6,'2023-11-11 19:13:01.000000','\0','2023-11-11 19:13:01.000000','추리닝이 선택지에 있는거 자체가 에바임ㅋㅋ',3,1),(7,'2023-11-11 19:14:01.000000','\0','2023-11-11 19:14:01.000000','아니 근데 오징어게임3 안나옴 아직',4,2),(8,'2023-11-11 19:14:01.000000','\0','2023-11-11 19:14:01.000000','띵작 좀 아네..무서운이야기 좋아하면 브리저튼도 봐바',4,2),(9,'2023-11-11 19:14:01.000000','\0','2023-11-11 19:14:01.000000','장르가 딴판이네..',4,2),(10,'2023-11-11 19:15:01.000000','\0','2023-11-11 19:15:01.000000','나도...',1,3),(11,'2023-11-11 19:15:01.000000','\0','2023-11-11 19:15:01.000000','ㅋㅋ찔렸다ㅋㅋ',1,3),(12,'2023-11-11 19:15:01.000000','\0','2023-11-11 19:15:01.000000','좀 쳐가라 제발 나중에 후회함',1,3),(13,'2023-11-11 19:15:01.000000','\0','2023-11-11 19:13:01.000000','ㅋㅋ난 직장인이라 학교안감',1,3),(14,'2023-11-11 19:13:01.000000','\0','2023-11-11 19:13:01.000000','윗댓아 출근하자..',1,3),(15,'2023-11-11 19:16:01.000000','\0','2023-11-11 19:16:01.000000','아니 ',1,4),(16,'2023-11-11 19:16:01.000000','\0','2023-11-11 19:16:01.000000','이걸 고민이라고 올리냐? 제발',1,4),(17,'2023-11-11 19:16:01.000000','\0','2023-11-11 19:16:01.000000','난 마라탕도 괜찮은거 같아',1,4),(18,'2023-11-11 19:16:01.000000','\0','2023-11-11 19:16:01.000000','선택지들이 너무 똥이라 그나마 냄새덜한 똥을 골라야하네;;;',1,4),(19,'2023-11-11 19:16:01.000000','\0','2023-11-11 19:16:01.000000','그..여친이 전대생이면 로니로티는 좀 질려할듯',1,4),(20,'2023-11-11 19:18:01.000000','\0','2023-11-11 19:18:01.000000','여친을 두고가다니..너무하네요..헤어지고 가세요;;',2,5),(21,'2023-11-11 19:18:01.000000','\0','2023-11-11 19:18:01.000000','ㅋㅋ근데 늦게 가면 갔다올 때 친구 없는게 개 에바긴함',2,5),(22,'2023-11-11 19:18:01.000000','\0','2023-11-11 19:18:01.000000','일말상초각ㅋㅋ',2,5),(23,'2023-11-11 19:18:01.000000','\0','2023-11-11 19:18:01.000000','사귄지 얼마 안된거면 일말상초도 아님 요즘엔 훈말이초임',2,5),(24,'2023-11-11 19:13:01.000000','\0','2023-11-11 19:13:01.000000','가.지.마',3,6),(25,'2023-11-11 19:13:01.000000','\0','2023-11-11 19:13:01.000000','그.냥.가.지.마',3,6),(26,'2023-11-11 19:13:01.000000','\0','2023-11-11 19:13:01.000000','ㅋㅋ대학원생들 왤케 많음 ㅋㅋ',3,6),(27,'2023-11-11 19:13:01.000000','\0','2023-11-11 19:13:01.000000','진지하게 이걸 고민중이면 취업을 하는게 맞음. 나도 대학원생인데 대학원은 저 마인드로 오면 못 버팀',3,6),(28,'2023-11-11 19:13:01.000000','\0','2023-11-11 19:13:01.000000','이 투표는 전국대학원생협회에서 점령했습니다',3,6),(29,'2023-11-11 19:13:01.000000','\0','2023-11-11 19:13:01.000000','와 진짜 지금 나임 ㅋㅋ',4,7),(30,'2023-11-11 19:13:01.000000','\0','2023-11-11 19:13:01.000000','좋을때다..',4,7),(31,'2023-11-11 19:13:01.000000','\0','2023-11-11 19:13:01.000000','아니 얼마나 했는데?',4,7),(32,'2023-11-11 19:13:01.000000','\0','2023-11-11 19:13:01.000000','방금알았어요 ㅜㅜ',4,7),(33,'2023-11-11 21:13:01.000000','\0','2023-11-11 21:13:01.000000','ㅋㅋㅋ팔랑귀로 헤르미온느 됐네 ㅋㅋ',2,8),(34,'2023-11-11 21:13:01.000000','\0','2023-11-11 21:13:01.000000','다 잘하면 됨 화이팅',2,8),(35,'2023-11-11 21:13:01.000000','\0','2023-11-11 21:13:01.000000','그래서 님드라..답변이나 해줘요..',2,8),(36,'2023-11-11 21:18:01.000000','\0','2023-11-11 21:18:01.000000','남들 다 따길래 땀',3,9),(37,'2023-11-11 21:18:01.000000','\0','2023-11-11 21:18:01.000000','걍 개쉬우니까 해봐',3,9),(38,'2023-11-11 21:18:01.000000','\0','2023-11-11 21:18:01.000000','공기업갈거 아니면 비추',3,9),(39,'2023-11-11 21:18:01.000000','\0','2023-11-11 21:18:01.000000','그걸 왜 함 까지는 아닌데 굳이싶기는 함',3,9),(40,'2023-11-11 21:20:01.000000','\0','2023-11-11 21:20:01.000000','조용한 여자면 너가 말 많으면 되지',2,10),(41,'2023-11-11 21:20:01.000000','\0','2023-11-11 21:20:01.000000','난 무조건 얼굴',3,10),(42,'2023-11-11 19:13:01.000000','\0','2023-11-11 19:13:01.000000','내 성격이 까다로운 건 아닌데 근데 나는 안맞는 사람은 별로 안끌림',4,10),(43,'2023-11-11 21:20:01.000000','\0','2023-11-11 21:20:01.000000','나는 중자',1,10),(44,'2023-11-11 21:20:01.000000','\0','2023-11-11 21:20:01.000000','윗댓아 선택지 만들지 마셈..이미 투표도 한 사람이..',2,10),(45,'2023-11-11 20:47:20.672342','','2023-11-11 20:47:25.248082','다',26,14),(46,'2023-11-11 20:47:20.677196','\0','2023-11-11 20:47:20.677196','아 킹받는다',26,14),(47,'2023-11-11 20:48:32.559426','\0','2023-11-11 20:48:32.559426','마라탕 먹자 마라탕탕탕',28,4),(48,'2023-11-11 20:48:56.793479','\0','2023-11-11 20:48:56.793479','쨰 그냥 ㅎ',28,3),(49,'2023-11-11 20:49:27.676643','\0','2023-11-11 20:49:27.676643','그냥 오징어게임 볼래 사실 답정너였어 ㅋ',28,2),(50,'2023-11-11 21:03:35.792226','\0','2023-11-11 21:03:35.792226','1억이라도 난 좋아',30,14),(51,'2023-11-11 21:03:35.792928','\0','2023-11-11 21:03:35.792928','아',30,14),(52,'2023-11-11 21:13:14.694810','\0','2023-11-11 21:13:14.694810','왜 혼자서 대화함',30,3),(53,'2023-11-11 21:13:42.874714','','2023-11-11 21:13:45.316400','ㄹㅇㅇ',28,15),(54,'2023-11-11 21:13:49.000411','\0','2023-11-11 21:13:49.000411','ㄹㅇ ㅋㅋ',28,15),(55,'2023-11-11 21:15:09.733317','','2023-11-11 22:02:38.832233','댓글',30,15),(56,'2023-11-11 21:15:09.734445','','2023-11-11 21:15:12.363555','글',30,15),(57,'2023-11-11 21:15:19.158926','','2023-11-11 21:15:26.847402','후자',30,15),(58,'2023-11-11 21:15:19.158926','','2023-11-11 21:15:24.248409','자',30,15),(59,'2023-11-11 21:25:52.015502','','2023-11-11 21:26:19.510155','과연',26,15),(60,'2023-11-11 21:25:57.195044','','2023-11-11 21:26:20.944819','잘되나요',26,15),(61,'2023-11-11 21:25:59.976758','','2023-11-11 21:26:23.076160','아앙',26,15),(62,'2023-11-11 21:26:00.690040','','2023-11-11 21:26:24.540528','아앙',26,15),(63,'2023-11-11 21:26:01.295337','','2023-11-11 21:26:25.992614','아앙',26,15),(64,'2023-11-11 21:26:01.888954','','2023-11-11 21:26:27.511468','아ㅏㅇ',26,15),(65,'2023-11-11 21:26:02.302986','','2023-11-11 21:26:29.298395','앙',26,15),(66,'2023-11-11 21:26:06.192043','','2023-11-11 21:26:31.321056','아하',26,15),(67,'2023-11-11 21:26:07.398632','','2023-11-11 21:26:15.038002','아하',26,15),(68,'2023-11-11 21:26:08.275763','','2023-11-11 21:26:34.225743','아하',26,15),(69,'2023-11-11 21:26:09.141764','','2023-11-11 21:26:13.248483','아하',26,15),(70,'2023-11-11 21:26:53.155752','','2023-11-11 21:26:58.685666','해결했어',26,14),(71,'2023-11-11 21:51:31.132482','','2023-11-11 21:51:38.531556','ㅇ랑',26,15),(72,'2023-11-11 21:51:33.256669','','2023-11-11 21:51:36.317634','ㅇㄹㅇㅇㄴㄹㅁ',26,15),(73,'2023-11-11 22:33:50.231627','\0','2023-11-11 22:33:50.231627','자신있음 ㅋ',32,15),(74,'2023-11-11 22:34:56.107882','\0','2023-11-11 22:34:56.107882','국밥 땡기러 가야지 ㅋ',32,4),(75,'2023-11-11 22:35:12.746425','\0','2023-11-11 22:35:12.746425','학교는 가야지 ㅋ',32,3),(76,'2023-11-11 22:38:43.902482','\0','2023-11-11 22:38:43.902482','초밥 맛있겠다',33,4),(77,'2023-11-11 23:12:34.469249','\0','2023-11-11 23:12:34.469249','케익이 아닌데?',30,19),(78,'2023-11-11 23:15:33.775836','\0','2023-11-11 23:15:33.775836','저거 케잌임ㅋㅌ',28,19),(79,'2023-11-11 23:16:07.277649','\0','2023-11-11 23:16:07.277649','티원 파이팅!',26,20),(80,'2023-11-11 23:42:57.990237','\0','2023-11-11 23:42:57.990237','헉',30,19),(81,'2023-11-11 23:44:30.309589','\0','2023-11-11 23:44:30.309589','고양이 귀엽',30,21),(82,'2023-11-11 23:56:07.377177','','2023-11-12 00:13:12.502385','투표좀 해줘',30,18),(83,'2023-11-11 23:58:30.504903','\0','2023-11-11 23:58:30.504903','얼굴랜덤돌리고 성형 가능?',27,15),(84,'2023-11-12 00:06:15.270206','\0','2023-11-12 00:06:15.270206','근데 다 별로야',35,4),(85,'2023-11-12 00:09:56.646843','\0','2023-11-12 00:09:56.646843','수고햇어요~~~',30,22),(86,'2023-11-12 00:11:46.471766','\0','2023-11-12 00:11:46.471766','위에 주전자도 동물임?',27,23),(87,'2023-11-12 00:12:15.185510','\0','2023-11-12 00:12:15.185510','나도 리더가 처음이라 미안해~~~',27,22),(88,'2023-11-12 00:12:20.400834','\0','2023-11-12 00:12:20.400834','ㅋㅋㅋㅋㅋ코끼리입니당',30,23),(89,'2023-11-12 00:15:20.608746','\0','2023-11-12 00:15:20.608746','김수민입니다',36,23),(90,'2023-11-12 00:15:28.688902','\0','2023-11-12 00:15:28.688902','김수민입니다',36,23),(91,'2023-11-12 00:15:31.979866','\0','2023-11-12 00:15:31.979866','김수민입니다',36,23),(92,'2023-11-12 00:15:33.514996','\0','2023-11-12 00:15:33.514996','납니다',36,23),(93,'2023-11-12 00:15:35.325238','\0','2023-11-12 00:15:35.325238','만둡니다',36,23),(94,'2023-11-12 00:15:36.348907','\0','2023-11-12 00:15:36.348907','나다',36,23),(95,'2023-11-12 00:15:37.393832','\0','2023-11-12 00:15:37.393832','나요',36,23),(96,'2023-11-12 00:15:38.341408','\0','2023-11-12 00:15:38.341408','저요',36,23),(97,'2023-11-12 00:15:54.167154','\0','2023-11-12 00:15:54.167154','화이팅!',38,23),(98,'2023-11-12 00:16:06.676166','\0','2023-11-12 00:16:06.676166','화이팅!',38,25),(99,'2023-11-12 00:17:37.431078','\0','2023-11-12 00:17:37.431078','코끼리가 김수민?',27,23),(100,'2023-11-12 00:17:47.591771','','2023-11-12 19:56:15.431882','두번될수가없는데',30,26),(101,'2023-11-12 00:22:55.636461','\0','2023-11-12 00:22:55.636461','일요일 누구야',26,27),(102,'2023-11-12 00:25:54.377010','\0','2023-11-12 00:25:54.377010','야옹 ㅋ',32,21),(103,'2023-11-12 00:35:30.346194','\0','2023-11-12 00:35:30.346194','진짜로..? 진짜로 하는 거야?',35,27),(104,'2023-11-12 00:35:42.318121','\0','2023-11-12 00:35:42.318121','누가 쉰다고 한거임?',35,25),(105,'2023-11-12 00:48:30.767102','\0','2023-11-12 00:48:30.767102','이제 등록 한번만돼욥',30,42),(106,'2023-11-12 00:48:34.147422','\0','2023-11-12 00:48:34.147422','아마도',30,42),(107,'2023-11-12 00:58:52.930401','\0','2023-11-12 00:58:52.930401','이게 먼데 ..;',28,20),(108,'2023-11-12 18:18:57.840514','\0','2023-11-12 18:18:57.840514','월요일 고',28,27),(109,'2023-11-12 18:19:36.629335','\0','2023-11-12 18:19:36.629335','시간은?',35,27),(110,'2023-11-12 19:46:31.821538','\0','2023-11-12 19:46:31.821538','같이 가지말자',30,43),(111,'2023-11-12 20:17:51.718882','\0','2023-11-12 20:17:51.718882',' ㅡㅡ',26,43),(112,'2023-11-12 20:18:00.609471','\0','2023-11-12 20:18:00.609471','또 안오게?',26,43),(113,'2023-11-12 22:18:33.591522','\0','2023-11-12 22:18:33.591522','아 필참 아니었나요?',26,44),(114,'2023-11-12 22:18:36.290491','\0','2023-11-12 22:18:36.290491','당연히 참이죠',28,44),(115,'2023-11-12 23:26:37.480257','\0','2023-11-12 23:26:37.480257','저는 안 갈래요',44,44),(117,'2023-11-13 01:17:36.086845','\0','2023-11-13 01:17:36.086845','저도 안갈래요',30,44),(118,'2023-11-13 11:10:35.103158','\0','2023-11-13 11:10:35.103158','못감팁이',45,44),(119,'2023-11-13 16:07:27.500777','\0','2023-11-13 16:07:27.500777','소금빵이 체고',28,46),(120,'2023-11-13 16:22:07.066618','\0','2023-11-13 16:22:07.066618','wowowowwo',48,46),(121,'2023-11-13 16:22:54.193183','\0','2023-11-13 16:22:54.193183','어그 부트 ㄹㅇ 이쁨',28,45),(122,'2023-11-13 16:43:26.945748','\0','2023-11-13 16:43:26.945748','다 첨들어봄요',27,48),(123,'2023-11-13 16:43:52.377047','\0','2023-11-13 16:43:52.377047','얌',27,47),(124,'2023-11-13 16:44:16.777745','\0','2023-11-13 16:44:16.777745','마카롱',27,46),(125,'2023-11-13 16:57:15.572368','\0','2023-11-13 16:57:15.572368','와 김치찜 알못',30,48),(126,'2023-11-13 17:52:10.761419','\0','2023-11-13 17:52:10.761419','핫게 가보자고',28,49),(127,'2023-11-13 17:55:26.112313','','2023-11-13 17:55:30.857893','왜',30,52),(128,'2023-11-13 17:55:29.354065','\0','2023-11-13 17:55:29.354065','으악',28,52),(129,'2023-11-13 17:55:30.862367','\0','2023-11-13 17:55:30.862367','으악',28,52),(130,'2023-11-13 17:55:31.343575','\0','2023-11-13 17:55:31.343575','1번이 더 낫지만 2번이 더 매력있네요',27,52),(131,'2023-11-13 17:55:32.216745','\0','2023-11-13 17:55:32.216745','살려줘',28,52),(132,'2023-11-13 17:55:33.481094','\0','2023-11-13 17:55:33.481094','잘생겼어요',30,52),(133,'2023-11-13 17:55:40.965064','\0','2023-11-13 17:55:40.965064','투표 해야 댓글이 써지네요ㅜㅜ',28,52),(134,'2023-11-13 17:55:46.699264','\0','2023-11-13 17:55:46.699264','투표 안하고 싶어요ㅜㅜㅜㅜ',28,52),(135,'2023-11-13 17:55:48.261016','\0','2023-11-13 17:55:48.261016','와 존잘 ㄷㄷ',26,52),(136,'2023-11-13 17:56:00.255647','\0','2023-11-13 17:56:00.255647','ㅋㅋㅋㅋㅋㅋㅋㅋㅋㅋㅋㅋㅋㅋㅋㅋ',35,52),(137,'2023-11-13 18:01:22.102780','\0','2023-11-13 18:01:22.102780','감자 협박당했니',32,52),(138,'2023-11-13 19:48:23.291173','\0','2023-11-13 19:48:23.291173','나도 다 처음들어보는데 ???',28,48),(139,'2023-11-13 19:48:39.386437','\0','2023-11-13 19:48:39.386437','뱉자.',28,47),(140,'2023-11-13 22:29:00.409374','\0','2023-11-13 22:29:00.409374','.....',30,48),(141,'2023-11-13 22:31:31.065602','','2023-11-13 22:31:36.206586','ㅇㅇㅇㅇ',52,51);
/*!40000 ALTER TABLE `comment` ENABLE KEYS */;
UNLOCK TABLES;

--
-- Table structure for table `decision`
--

DROP TABLE IF EXISTS `decision`;
/*!40101 SET @saved_cs_client     = @@character_set_client */;
/*!40101 SET character_set_client = utf8 */;
CREATE TABLE `decision` (
  `decision_id` bigint(20) NOT NULL AUTO_INCREMENT,
  `created_date` datetime(6) NOT NULL,
  `deleted` bit(1) NOT NULL,
  `updated_date` datetime(6) NOT NULL,
  `decision_option_id` bigint(20) NOT NULL,
  `decision_user_id` bigint(20) NOT NULL,
  PRIMARY KEY (`decision_id`)
) ENGINE=InnoDB AUTO_INCREMENT=518 DEFAULT CHARSET=utf8mb4 COLLATE=utf8mb4_general_ci;
/*!40101 SET character_set_client = @saved_cs_client */;

--
-- Dumping data for table `decision`
--

LOCK TABLES `decision` WRITE;
/*!40000 ALTER TABLE `decision` DISABLE KEYS */;
INSERT INTO `decision` VALUES (1,'2023-11-11 19:13:01.000000','\0','2023-11-11 19:13:01.000000',1,11),(2,'2023-11-11 19:13:01.000000','\0','2023-11-11 19:13:01.000000',1,12),(3,'2023-11-11 19:13:01.000000','\0','2023-11-11 19:13:01.000000',1,13),(4,'2023-11-11 19:13:01.000000','\0','2023-11-11 19:13:01.000000',1,14),(5,'2023-11-11 19:13:01.000000','\0','2023-11-11 19:13:01.000000',1,15),(6,'2023-11-11 19:13:01.000000','\0','2023-11-11 19:13:01.000000',2,1),(7,'2023-11-11 19:13:01.000000','\0','2023-11-11 19:13:01.000000',2,2),(8,'2023-11-11 19:13:01.000000','\0','2023-11-11 19:13:01.000000',2,3),(9,'2023-11-11 19:13:01.000000','\0','2023-11-11 19:13:01.000000',2,4),(10,'2023-11-11 19:13:01.000000','\0','2023-11-11 19:13:01.000000',2,5),(11,'2023-11-11 19:13:01.000000','\0','2023-11-11 19:13:01.000000',2,6),(12,'2023-11-11 19:13:01.000000','\0','2023-11-11 19:13:01.000000',2,7),(13,'2023-11-11 19:13:01.000000','\0','2023-11-11 19:13:01.000000',2,8),(14,'2023-11-11 19:13:01.000000','\0','2023-11-11 19:13:01.000000',2,9),(15,'2023-11-11 19:13:01.000000','\0','2023-11-11 19:13:01.000000',2,10),(16,'2023-11-11 19:13:01.000000','\0','2023-11-11 19:13:01.000000',3,16),(17,'2023-11-11 19:13:01.000000','\0','2023-11-11 19:13:01.000000',3,17),(18,'2023-11-11 19:13:01.000000','\0','2023-11-11 19:13:01.000000',3,18),(19,'2023-11-11 19:13:01.000000','\0','2023-11-11 19:13:01.000000',3,19),(20,'2023-11-11 19:13:01.000000','\0','2023-11-11 19:13:01.000000',3,20),(21,'2023-11-11 19:14:01.000000','\0','2023-11-11 19:14:01.000000',4,1),(22,'2023-11-11 19:14:01.000000','\0','2023-11-11 19:14:01.000000',4,2),(23,'2023-11-11 19:14:01.000000','\0','2023-11-11 19:14:01.000000',4,3),(24,'2023-11-11 19:14:01.000000','\0','2023-11-11 19:14:01.000000',4,4),(25,'2023-11-11 19:14:01.000000','\0','2023-11-11 19:14:01.000000',4,5),(26,'2023-11-11 19:14:01.000000','\0','2023-11-11 19:14:01.000000',5,6),(27,'2023-11-11 19:14:01.000000','\0','2023-11-11 19:14:01.000000',5,7),(28,'2023-11-11 19:14:01.000000','\0','2023-11-11 19:14:01.000000',5,8),(29,'2023-11-11 19:15:01.000000','\0','2023-11-11 19:15:01.000000',7,1),(30,'2023-11-11 19:15:01.000000','\0','2023-11-11 19:15:01.000000',7,2),(31,'2023-11-11 19:15:01.000000','\0','2023-11-11 19:15:01.000000',7,3),(32,'2023-11-11 19:15:01.000000','\0','2023-11-11 19:15:01.000000',7,4),(33,'2023-11-11 19:15:01.000000','\0','2023-11-11 19:15:01.000000',7,5),(34,'2023-11-11 19:15:01.000000','\0','2023-11-11 19:15:01.000000',7,6),(35,'2023-11-11 19:15:01.000000','\0','2023-11-11 19:15:01.000000',7,7),(36,'2023-11-11 19:15:01.000000','\0','2023-11-11 19:15:01.000000',7,8),(37,'2023-11-11 19:15:01.000000','\0','2023-11-11 19:15:01.000000',7,9),(38,'2023-11-11 19:15:01.000000','\0','2023-11-11 19:15:01.000000',7,10),(39,'2023-11-11 19:16:01.000000','\0','2023-11-11 19:16:01.000000',8,11),(40,'2023-11-11 19:16:01.000000','\0','2023-11-11 19:16:01.000000',9,12),(41,'2023-11-11 19:16:01.000000','\0','2023-11-11 19:16:01.000000',9,13),(42,'2023-11-11 19:16:01.000000','\0','2023-11-11 19:16:01.000000',10,1),(43,'2023-11-11 19:16:01.000000','\0','2023-11-11 19:16:01.000000',10,2),(44,'2023-11-11 19:16:01.000000','\0','2023-11-11 19:16:01.000000',10,3),(45,'2023-11-11 19:16:01.000000','\0','2023-11-11 19:16:01.000000',10,4),(46,'2023-11-11 19:16:01.000000','\0','2023-11-11 19:16:01.000000',11,5),(47,'2023-11-11 19:16:01.000000','\0','2023-11-11 19:16:01.000000',11,6),(48,'2023-11-11 19:16:01.000000','\0','2023-11-11 19:16:01.000000',11,7),(49,'2023-11-11 19:16:01.000000','\0','2023-11-11 19:16:01.000000',11,8),(50,'2023-11-11 19:16:01.000000','\0','2023-11-11 19:16:01.000000',11,9),(51,'2023-11-11 19:18:01.000000','\0','2023-11-11 19:18:01.000000',12,4),(52,'2023-11-11 19:18:01.000000','\0','2023-11-11 19:18:01.000000',12,5),(53,'2023-11-11 19:18:01.000000','\0','2023-11-11 19:18:01.000000',12,6),(54,'2023-11-11 19:18:01.000000','\0','2023-11-11 19:18:01.000000',12,7),(55,'2023-11-11 19:18:01.000000','\0','2023-11-11 19:18:01.000000',12,8),(56,'2023-11-11 19:18:01.000000','\0','2023-11-11 19:18:01.000000',13,9),(57,'2023-11-11 20:13:01.000000','\0','2023-11-11 20:13:01.000000',15,1),(58,'2023-11-11 20:13:01.000000','\0','2023-11-11 20:13:01.000000',15,2),(59,'2023-11-11 20:13:01.000000','\0','2023-11-11 20:13:01.000000',15,3),(60,'2023-11-11 20:13:01.000000','\0','2023-11-11 20:13:01.000000',15,4),(61,'2023-11-11 20:13:01.000000','\0','2023-11-11 20:13:01.000000',15,5),(62,'2023-11-11 20:13:01.000000','\0','2023-11-11 20:13:01.000000',15,6),(63,'2023-11-11 20:13:01.000000','\0','2023-11-11 20:13:01.000000',15,7),(64,'2023-11-11 20:13:01.000000','\0','2023-11-11 20:13:01.000000',15,8),(65,'2023-11-11 20:13:01.000000','\0','2023-11-11 20:13:01.000000',15,10),(66,'2023-11-11 20:13:01.000000','\0','2023-11-11 20:13:01.000000',15,9),(67,'2023-11-11 21:13:01.000000','\0','2023-11-11 21:13:01.000000',16,1),(68,'2023-11-11 21:13:01.000000','\0','2023-11-11 21:13:01.000000',16,2),(69,'2023-11-11 21:13:01.000000','\0','2023-11-11 21:13:01.000000',16,3),(70,'2023-11-11 21:13:01.000000','\0','2023-11-11 21:13:01.000000',17,4),(71,'2023-11-11 21:13:01.000000','\0','2023-11-11 21:13:01.000000',17,5),(72,'2023-11-11 21:13:01.000000','\0','2023-11-11 21:13:01.000000',17,6),(73,'2023-11-11 21:13:01.000000','\0','2023-11-11 21:13:01.000000',18,7),(74,'2023-11-11 21:13:01.000000','\0','2023-11-11 21:13:01.000000',18,8),(75,'2023-11-11 21:13:01.000000','\0','2023-11-11 21:13:01.000000',18,10),(76,'2023-11-11 21:13:01.000000','\0','2023-11-11 21:13:01.000000',18,9),(77,'2023-11-11 21:18:01.000000','\0','2023-11-11 21:18:01.000000',21,1),(78,'2023-11-11 21:18:01.000000','\0','2023-11-11 21:18:01.000000',21,2),(79,'2023-11-11 21:18:01.000000','\0','2023-11-11 21:18:01.000000',21,3),(80,'2023-11-11 21:18:01.000000','\0','2023-11-11 21:18:01.000000',21,4),(81,'2023-11-11 21:18:01.000000','\0','2023-11-11 21:18:01.000000',22,5),(82,'2023-11-11 21:18:01.000000','\0','2023-11-11 21:18:01.000000',22,6),(83,'2023-11-11 21:18:01.000000','\0','2023-11-11 21:18:01.000000',22,7),(84,'2023-11-11 21:18:01.000000','\0','2023-11-11 21:18:01.000000',22,8),(85,'2023-11-11 21:20:01.000000','\0','2023-11-11 21:20:01.000000',23,11),(86,'2023-11-11 21:20:01.000000','\0','2023-11-11 21:20:01.000000',23,22),(87,'2023-11-11 21:20:01.000000','\0','2023-11-11 21:20:01.000000',23,23),(88,'2023-11-11 21:20:01.000000','\0','2023-11-11 21:20:01.000000',24,1),(89,'2023-11-11 21:20:01.000000','\0','2023-11-11 21:20:01.000000',24,2),(90,'2023-11-11 21:20:01.000000','\0','2023-11-11 21:20:01.000000',24,3),(91,'2023-11-11 21:20:01.000000','\0','2023-11-11 21:20:01.000000',24,4),(92,'2023-11-11 21:20:01.000000','\0','2023-11-11 21:20:01.000000',24,5),(93,'2023-11-11 21:20:01.000000','\0','2023-11-11 21:20:01.000000',24,6),(94,'2023-11-11 21:20:01.000000','\0','2023-11-11 21:20:01.000000',24,7),(95,'2023-11-11 21:20:01.000000','\0','2023-11-11 21:20:01.000000',24,8),(96,'2023-11-11 19:14:11.060277','\0','2023-11-11 19:14:11.060277',23,28),(97,'2023-11-11 19:14:13.332688','\0','2023-11-11 19:14:13.332688',20,28),(98,'2023-11-11 19:14:14.721068','\0','2023-11-11 19:14:14.721068',15,28),(99,'2023-11-11 19:14:15.999391','\0','2023-11-11 19:14:15.999391',4,28),(105,'2023-11-11 19:22:12.336744','\0','2023-11-11 19:22:12.336744',23,27),(107,'2023-11-11 19:22:24.493748','\0','2023-11-11 19:22:24.493748',14,27),(114,'2023-11-11 19:33:57.415841','\0','2023-11-11 19:33:57.415841',11,27),(115,'2023-11-11 19:58:18.173673','\0','2023-11-11 19:58:18.173673',1,28),(116,'2023-11-11 19:58:20.624965','\0','2023-11-11 19:58:20.624965',31,28),(117,'2023-11-11 20:15:17.127831','\0','2023-11-11 20:15:17.127831',31,26),(119,'2023-11-11 20:48:50.572423','\0','2023-11-11 20:48:50.572423',7,28),(121,'2023-11-11 21:03:23.014428','\0','2023-11-11 21:03:23.014428',32,30),(124,'2023-11-11 21:12:53.981195','\0','2023-11-11 21:12:53.981195',7,30),(125,'2023-11-11 21:13:20.989611','\0','2023-11-11 21:13:20.989611',4,30),(127,'2023-11-11 21:13:34.938511','\0','2023-11-11 21:13:34.938511',33,28),(132,'2023-11-11 21:19:02.663239','\0','2023-11-11 21:19:02.663239',8,28),(133,'2023-11-11 21:25:49.699086','\0','2023-11-11 21:25:49.699086',34,26),(134,'2023-11-11 22:31:45.003857','\0','2023-11-11 22:31:45.003857',37,31),(135,'2023-11-11 22:31:52.930903','\0','2023-11-11 22:31:52.930903',2,31),(136,'2023-11-11 22:32:28.180198','\0','2023-11-11 22:32:28.180198',37,27),(137,'2023-11-11 22:33:42.897228','\0','2023-11-11 22:33:42.897228',34,32),(138,'2023-11-11 22:34:42.593473','\0','2023-11-11 22:34:42.593473',8,32),(139,'2023-11-11 22:35:07.805636','\0','2023-11-11 22:35:07.805636',6,32),(141,'2023-11-11 22:38:23.377267','\0','2023-11-11 22:38:23.377267',38,33),(142,'2023-11-11 22:38:24.694815','\0','2023-11-11 22:38:24.694815',34,33),(143,'2023-11-11 22:38:27.647582','\0','2023-11-11 22:38:27.647582',31,33),(145,'2023-11-11 22:38:34.876996','\0','2023-11-11 22:38:34.876996',11,33),(146,'2023-11-11 23:12:33.664857','\0','2023-11-11 23:12:33.664857',42,30),(151,'2023-11-11 23:42:07.465009','\0','2023-11-11 23:42:07.465009',39,27),(153,'2023-11-11 23:53:19.372954','\0','2023-11-11 23:53:19.372954',45,26),(154,'2023-11-11 23:57:43.414500','\0','2023-11-11 23:57:43.414500',41,27),(155,'2023-11-11 23:58:01.057141','\0','2023-11-11 23:58:01.057141',33,27),(159,'2023-11-11 23:59:12.162366','\0','2023-11-11 23:59:12.162366',2,27),(168,'2023-11-12 00:02:24.992812','\0','2023-11-12 00:02:24.992812',43,27),(194,'2023-11-12 00:03:22.401077','\0','2023-11-12 00:03:22.401077',40,34),(213,'2023-11-12 00:03:55.079534','\0','2023-11-12 00:03:55.079534',33,34),(214,'2023-11-12 00:03:57.261337','\0','2023-11-12 00:03:57.261337',41,34),(216,'2023-11-12 00:04:16.617855','\0','2023-11-12 00:04:16.617855',45,34),(217,'2023-11-12 00:04:25.326039','\0','2023-11-12 00:04:25.326039',43,34),(220,'2023-11-12 00:04:44.582322','\0','2023-11-12 00:04:44.582322',31,34),(222,'2023-11-12 00:04:49.108340','\0','2023-11-12 00:04:49.108340',11,34),(223,'2023-11-12 00:05:54.562830','\0','2023-11-12 00:05:54.562830',2,35),(224,'2023-11-12 00:05:57.011139','\0','2023-11-12 00:05:57.011139',4,35),(225,'2023-11-12 00:06:00.661389','\0','2023-11-12 00:06:00.661389',7,35),(226,'2023-11-12 00:06:06.564815','\0','2023-11-12 00:06:06.564815',11,35),(227,'2023-11-12 00:06:36.462751','\0','2023-11-12 00:06:36.462751',47,35),(229,'2023-11-12 00:11:18.029701','\0','2023-11-12 00:11:18.029701',51,27),(230,'2023-11-12 00:11:27.875142','\0','2023-11-12 00:11:27.875142',49,26),(231,'2023-11-12 00:11:53.627999','\0','2023-11-12 00:11:53.627999',40,26),(232,'2023-11-12 00:12:13.276330','\0','2023-11-12 00:12:13.276330',49,27),(233,'2023-11-12 00:12:20.568473','\0','2023-11-12 00:12:20.568473',50,26),(242,'2023-11-12 00:15:06.582421','\0','2023-11-12 00:15:06.582421',49,36),(245,'2023-11-12 00:15:09.246977','\0','2023-11-12 00:15:09.246977',46,36),(246,'2023-11-12 00:15:12.925039','\0','2023-11-12 00:15:12.925039',50,36),(249,'2023-11-12 00:15:39.600054','\0','2023-11-12 00:15:39.600054',51,38),(253,'2023-11-12 00:15:50.736715','\0','2023-11-12 00:15:50.736715',51,37),(254,'2023-11-12 00:15:58.099868','\0','2023-11-12 00:15:58.099868',55,38),(262,'2023-11-12 00:16:37.843166','\0','2023-11-12 00:16:37.843166',52,30),(263,'2023-11-12 00:16:40.474215','\0','2023-11-12 00:16:40.474215',45,37),(264,'2023-11-12 00:16:56.814462','\0','2023-11-12 00:16:56.814462',1,38),(265,'2023-11-12 00:17:12.543890','\0','2023-11-12 00:17:12.543890',46,38),(275,'2023-11-12 00:23:04.243639','\0','2023-11-12 00:23:04.243639',56,26),(276,'2023-11-12 00:25:02.293699','\0','2023-11-12 00:25:02.293699',46,32),(277,'2023-11-12 00:25:39.338723','\0','2023-11-12 00:25:39.338723',60,39),(278,'2023-11-12 00:25:48.846711','\0','2023-11-12 00:25:48.846711',55,39),(279,'2023-11-12 00:25:56.459120','\0','2023-11-12 00:25:56.459120',51,39),(280,'2023-11-12 00:26:02.815011','\0','2023-11-12 00:26:02.815011',48,39),(281,'2023-11-12 00:26:14.583265','\0','2023-11-12 00:26:14.583265',45,39),(283,'2023-11-12 00:35:33.914216','\0','2023-11-12 00:35:33.914216',55,35),(284,'2023-11-12 00:58:39.897810','\0','2023-11-12 00:58:39.897810',43,28),(285,'2023-11-12 01:16:02.671692','\0','2023-11-12 01:16:02.671692',45,28),(310,'2023-11-12 04:00:26.705306','\0','2023-11-12 04:00:26.705306',33,35),(311,'2023-11-12 04:00:33.441125','\0','2023-11-12 04:00:33.441125',32,35),(316,'2023-11-12 11:32:40.908774','\0','2023-11-12 11:32:40.908774',91,40),(317,'2023-11-12 11:32:45.583059','\0','2023-11-12 11:32:45.583059',61,40),(318,'2023-11-12 11:32:46.924259','\0','2023-11-12 11:32:46.924259',56,40),(319,'2023-11-12 11:33:01.808717','\0','2023-11-12 11:33:01.808717',51,40),(322,'2023-11-12 11:33:44.109898','\0','2023-11-12 11:33:44.109898',49,40),(323,'2023-11-12 11:34:07.947571','\0','2023-11-12 11:34:07.947571',46,40),(324,'2023-11-12 11:34:10.243584','\0','2023-11-12 11:34:10.243584',44,40),(325,'2023-11-12 11:34:11.425596','\0','2023-11-12 11:34:11.425596',34,40),(326,'2023-11-12 11:34:12.750337','\0','2023-11-12 11:34:12.750337',31,40),(327,'2023-11-12 11:34:15.037590','\0','2023-11-12 11:34:15.037590',6,40),(328,'2023-11-12 11:34:18.812422','\0','2023-11-12 11:34:18.812422',4,40),(329,'2023-11-12 11:34:20.881609','\0','2023-11-12 11:34:20.881609',1,40),(330,'2023-11-12 12:12:56.134208','\0','2023-11-12 12:12:56.134208',44,30),(333,'2023-11-12 14:16:38.687210','\0','2023-11-12 14:16:38.687210',51,41),(334,'2023-11-12 14:17:41.772420','\0','2023-11-12 14:17:41.772420',11,41),(335,'2023-11-12 14:17:48.603898','\0','2023-11-12 14:17:48.603898',4,41),(336,'2023-11-12 14:17:51.378041','\0','2023-11-12 14:17:51.378041',3,41),(337,'2023-11-12 16:28:42.405641','\0','2023-11-12 16:28:42.405641',55,42),(338,'2023-11-12 16:28:56.641087','\0','2023-11-12 16:28:56.641087',50,42),(343,'2023-11-12 16:29:19.073328','\0','2023-11-12 16:29:19.073328',48,42),(344,'2023-11-12 16:29:34.320309','\0','2023-11-12 16:29:34.320309',45,42),(345,'2023-11-12 16:29:38.957180','\0','2023-11-12 16:29:38.957180',43,42),(346,'2023-11-12 16:29:51.265225','\0','2023-11-12 16:29:51.265225',42,42),(350,'2023-11-12 16:48:48.962491','\0','2023-11-12 16:48:48.962491',57,30),(351,'2023-11-12 16:48:55.766367','\0','2023-11-12 16:48:55.766367',48,30),(353,'2023-11-12 16:49:00.570590','\0','2023-11-12 16:49:00.570590',47,30),(355,'2023-11-12 18:09:44.386244','\0','2023-11-12 18:09:44.386244',50,35),(356,'2023-11-12 18:09:45.746215','\0','2023-11-12 18:09:45.746215',44,35),(364,'2023-11-12 18:09:51.965942','\0','2023-11-12 18:09:51.965942',42,35),(365,'2023-11-12 18:10:03.779737','\0','2023-11-12 18:10:03.779737',92,35),(366,'2023-11-12 18:18:51.840700','\0','2023-11-12 18:18:51.840700',61,28),(367,'2023-11-12 18:18:54.150901','\0','2023-11-12 18:18:54.150901',61,42),(369,'2023-11-12 18:34:13.213340','\0','2023-11-12 18:34:13.213340',94,42),(370,'2023-11-12 19:22:07.499164','\0','2023-11-12 19:22:07.499164',93,28),(372,'2023-11-12 19:46:25.104585','\0','2023-11-12 19:46:25.104585',94,30),(373,'2023-11-12 19:48:13.379770','\0','2023-11-12 19:48:13.379770',94,43),(374,'2023-11-12 19:49:14.781744','\0','2023-11-12 19:49:14.781744',11,43),(375,'2023-11-12 19:49:41.352143','\0','2023-11-12 19:49:41.352143',1,43),(377,'2023-11-12 20:17:56.296743','\0','2023-11-12 20:17:56.296743',93,27),(381,'2023-11-12 20:18:54.665072','\0','2023-11-12 20:18:54.665072',61,35),(386,'2023-11-12 22:18:23.128622','\0','2023-11-12 22:18:23.128622',95,26),(387,'2023-11-12 22:18:29.623352','\0','2023-11-12 22:18:29.623352',95,28),(388,'2023-11-12 22:21:24.109374','\0','2023-11-12 22:21:24.109374',95,27),(391,'2023-11-12 23:25:42.956356','\0','2023-11-12 23:25:42.956356',96,44),(394,'2023-11-13 01:17:29.800795','\0','2023-11-13 01:17:29.800795',96,30),(421,'2023-11-13 01:19:45.386970','\0','2023-11-13 01:19:45.386970',10,30),(424,'2023-11-13 09:12:50.233259','\0','2023-11-13 09:12:50.233259',62,26),(426,'2023-11-13 09:13:36.793195','\0','2023-11-13 09:13:36.793195',93,26),(427,'2023-11-13 11:09:45.049568','\0','2023-11-13 11:09:45.049568',96,45),(428,'2023-11-13 11:09:49.281312','\0','2023-11-13 11:09:49.281312',94,45),(429,'2023-11-13 11:09:51.942326','\0','2023-11-13 11:09:51.942326',60,45),(430,'2023-11-13 11:09:54.676764','\0','2023-11-13 11:09:54.676764',55,45),(431,'2023-11-13 11:09:57.316717','\0','2023-11-13 11:09:57.316717',10,45),(432,'2023-11-13 11:09:58.546058','\0','2023-11-13 11:09:58.546058',6,45),(433,'2023-11-13 11:09:59.637880','\0','2023-11-13 11:09:59.637880',4,45),(434,'2023-11-13 11:10:00.480884','\0','2023-11-13 11:10:00.480884',1,45),(435,'2023-11-13 15:26:55.437439','\0','2023-11-13 15:26:55.437439',95,42),(438,'2023-11-13 15:46:27.248319','\0','2023-11-13 15:46:27.248319',100,26),(439,'2023-11-13 15:47:34.156049','\0','2023-11-13 15:47:34.156049',98,26),(440,'2023-11-13 16:07:18.598210','\0','2023-11-13 16:07:18.598210',99,28),(441,'2023-11-13 16:08:03.731884','\0','2023-11-13 16:08:03.731884',98,28),(442,'2023-11-13 16:14:09.086362','\0','2023-11-13 16:14:09.086362',97,46),(443,'2023-11-13 16:14:16.118247','\0','2023-11-13 16:14:16.118247',61,46),(444,'2023-11-13 16:14:54.970000','\0','2023-11-13 16:14:54.970000',7,46),(446,'2023-11-13 16:19:48.007370','\0','2023-11-13 16:19:48.007370',97,30),(449,'2023-11-13 16:21:56.284695','\0','2023-11-13 16:21:56.284695',99,48),(450,'2023-11-13 16:22:12.240337','\0','2023-11-13 16:22:12.240337',98,48),(451,'2023-11-13 16:22:16.653501','\0','2023-11-13 16:22:16.653501',96,48),(452,'2023-11-13 16:22:27.813792','\0','2023-11-13 16:22:27.813792',94,48),(453,'2023-11-13 16:22:30.018431','\0','2023-11-13 16:22:30.018431',60,48),(454,'2023-11-13 16:22:33.874094','\0','2023-11-13 16:22:33.874094',55,48),(458,'2023-11-13 16:23:47.590550','\0','2023-11-13 16:23:47.590550',2,48),(460,'2023-11-13 16:24:12.470547','\0','2023-11-13 16:24:12.470547',2,30),(461,'2023-11-13 16:43:22.857228','\0','2023-11-13 16:43:22.857228',104,27),(462,'2023-11-13 16:43:39.328220','\0','2023-11-13 16:43:39.328220',101,27),(463,'2023-11-13 16:44:10.058132','\0','2023-11-13 16:44:10.058132',100,27),(464,'2023-11-13 16:45:13.566747','\0','2023-11-13 16:45:13.566747',98,27),(468,'2023-11-13 17:05:26.095858','\0','2023-11-13 17:05:26.095858',105,49),(470,'2023-11-13 17:53:46.770396','\0','2023-11-13 17:53:46.770396',107,42),(474,'2023-11-13 17:55:18.194391','\0','2023-11-13 17:55:18.194391',113,30),(476,'2023-11-13 17:55:27.966454','\0','2023-11-13 17:55:27.966454',113,28),(477,'2023-11-13 17:55:54.012449','\0','2023-11-13 17:55:54.012449',113,35),(478,'2023-11-13 17:56:01.449748','\0','2023-11-13 17:56:01.449748',113,26),(479,'2023-11-13 17:56:36.984691','\0','2023-11-13 17:56:36.984691',110,42),(481,'2023-11-13 17:58:16.544748','\0','2023-11-13 17:58:16.544748',113,50),(482,'2023-11-13 17:58:23.768744','\0','2023-11-13 17:58:23.768744',107,50),(483,'2023-11-13 18:00:24.096376','\0','2023-11-13 18:00:24.096376',111,26),(484,'2023-11-13 18:01:18.851497','\0','2023-11-13 18:01:18.851497',113,32),(485,'2023-11-13 18:04:19.436466','\0','2023-11-13 18:04:19.436466',106,30),(487,'2023-11-13 18:06:01.838110','\0','2023-11-13 18:06:01.838110',62,30),(489,'2023-11-13 18:06:12.627459','\0','2023-11-13 18:06:12.627459',113,27),(491,'2023-11-13 18:14:28.940202','\0','2023-11-13 18:14:28.940202',106,27),(492,'2023-11-13 18:49:51.862215','\0','2023-11-13 18:49:51.862215',111,50),(493,'2023-11-13 19:48:13.263543','\0','2023-11-13 19:48:13.263543',105,28),(494,'2023-11-13 19:48:33.472005','\0','2023-11-13 19:48:33.472005',102,28),(495,'2023-11-13 21:32:07.418414','\0','2023-11-13 21:32:07.418414',111,35),(496,'2023-11-13 21:32:11.055798','\0','2023-11-13 21:32:11.055798',105,35),(497,'2023-11-13 21:32:19.713649','\0','2023-11-13 21:32:19.713649',97,35),(498,'2023-11-13 21:59:14.148177','\0','2023-11-13 21:59:14.148177',106,35),(499,'2023-11-13 22:00:14.325685','\0','2023-11-13 22:00:14.325685',105,42),(503,'2023-11-13 22:30:22.214965','\0','2023-11-13 22:30:22.214965',111,30),(506,'2023-11-13 22:31:14.573087','\0','2023-11-13 22:31:14.573087',110,52),(508,'2023-11-13 22:33:38.982304','\0','2023-11-13 22:33:38.982304',102,30),(517,'2023-11-14 00:31:52.394547','\0','2023-11-14 00:31:52.394547',111,27);
/*!40000 ALTER TABLE `decision` ENABLE KEYS */;
UNLOCK TABLES;

--
-- Table structure for table `user`
--

DROP TABLE IF EXISTS `user`;
/*!40101 SET @saved_cs_client     = @@character_set_client */;
/*!40101 SET character_set_client = utf8 */;
CREATE TABLE `user` (
  `user_id` bigint(20) NOT NULL AUTO_INCREMENT,
  `created_date` datetime(6) NOT NULL,
  `deleted` bit(1) NOT NULL,
  `updated_date` datetime(6) NOT NULL,
  `user_email` varchar(255) NOT NULL,
  `user_nickname` varchar(255) NOT NULL,
  `user_password` varchar(255) NOT NULL,
  PRIMARY KEY (`user_id`)
) ENGINE=InnoDB AUTO_INCREMENT=53 DEFAULT CHARSET=utf8mb4 COLLATE=utf8mb4_general_ci;
/*!40101 SET character_set_client = @saved_cs_client */;

--
-- Dumping data for table `user`
--

LOCK TABLES `user` WRITE;
/*!40000 ALTER TABLE `user` DISABLE KEYS */;
INSERT INTO `user` VALUES (1,'2023-11-11 19:13:01.000000','\0','2023-11-11 19:13:01.000000','jws@gmail.com','진우석','asdf1234'),(2,'2023-11-11 19:13:01.000000','\0','2023-11-11 19:13:01.000000','mjh@gmail.com','문지혜','asdf1234'),(3,'2023-11-11 19:13:01.000000','\0','2023-11-11 19:13:01.000000','phs@gmail.com','박현수','asdf1234'),(4,'2023-11-11 19:13:01.000000','\0','2023-11-11 19:13:01.000000','ksm@gmail.com','김수민','asdf1234'),(5,'2023-11-11 19:13:01.000000','\0','2023-11-11 19:13:01.000000','kky@gmail.com','강성준','asdf1234'),(6,'2023-11-11 19:13:01.000000','\0','2023-11-11 19:13:01.000000','ksj@gmail.com','김가연','asdf1234'),(7,'2023-11-11 19:13:01.000000','\0','2023-11-11 19:13:01.000000','yuri@gmail.com','유리','password1'),(8,'2023-11-11 19:13:01.000000','\0','2023-11-11 19:13:01.000000','taeho@gmail.com','태호','password2'),(9,'2023-11-11 19:13:01.000000','\0','2023-11-11 19:13:01.000000','jieun@gmail.com','지은','password3'),(10,'2023-11-11 19:13:01.000000','\0','2023-11-11 19:13:01.000000','minjae@gmail.com','민재','password4'),(11,'2023-11-11 19:13:01.000000','\0','2023-11-11 19:13:01.000000','yerin@gmail.com','예린','password5'),(12,'2023-11-11 19:13:01.000000','\0','2023-11-11 19:13:01.000000','seongmin@gmail.com','성민','password6'),(13,'2023-11-11 19:13:01.000000','\0','2023-11-11 19:13:01.000000','jihun@gmail.com','지훈','password7'),(14,'2023-11-11 19:13:01.000000','\0','2023-11-11 19:13:01.000000','minji@gmail.com','민지','password8'),(15,'2023-11-11 19:13:01.000000','\0','2023-11-11 19:13:01.000000','junho@gmail.com','준호','password9'),(16,'2023-11-11 19:13:01.000000','\0','2023-11-11 19:13:01.000000','yujin@gmail.com','유진','password10'),(17,'2023-11-11 19:13:01.000000','\0','2023-11-11 19:13:01.000000','donghyun@gmail.com','동현','password11'),(18,'2023-11-11 19:13:01.000000','\0','2023-11-11 19:13:01.000000','jiwoo@gmail.com','지우','password12'),(19,'2023-11-11 19:13:01.000000','\0','2023-11-11 19:13:01.000000','eunji@gmail.com','은지','password13'),(20,'2023-11-11 19:13:01.000000','\0','2023-11-11 19:13:01.000000','jaewon@gmail.com','재원','password14'),(21,'2023-11-11 19:13:01.000000','\0','2023-11-11 19:13:01.000000','seoyeon@gmail.com','서연','password15'),(22,'2023-11-11 19:13:01.000000','\0','2023-11-11 19:13:01.000000','minwoo@gmail.com','민우','password16'),(23,'2023-11-11 19:13:01.000000','\0','2023-11-11 19:13:01.000000','gaon@gmail.com','가온','password17'),(24,'2023-11-11 19:13:01.000000','\0','2023-11-11 19:13:01.000000','yunho@gmail.com','윤호','password18'),(25,'2023-11-11 19:13:01.000000','\0','2023-11-11 19:13:01.000000','seoyun@gmail.com','서윤','password19'),(26,'2023-11-11 19:14:21.211712','\0','2023-11-11 20:59:36.340702','ketru44@naver.com','관리자1','$2a$10$sKCnLt1oMgnYgExjV3d7jeXmKIM7rlb/ByPY/4GMhGTiq/Ez4.5tC'),(27,'2023-11-11 19:20:03.355644','\0','2023-11-11 19:20:03.355644','jws1@gmail.com','진우석12','$2a$10$DwSGtKitKipWy/bu7eHvFu4r3bp.X5mtsWREQBFfv5jrmAVa3r78q'),(28,'2023-11-11 19:20:25.557171','\0','2023-11-11 19:20:25.557171','204897@jnu.ac.kr','메롱','$2a$10$OxBxiSFzfxU.QLSNb.421.OCfQil6jZAOoUfqvGGfM8SI2fRLXzH2'),(29,'2023-11-11 19:25:57.825189','\0','2023-11-11 19:25:57.825189','ksdsdo@dsafd.com','수adf민','$2a$10$nh3Tf.CS5sZSIvxniXuk8eddNz4Ob0mXM4TYE9Jz5ZMN2Rb.PFbti'),(30,'2023-11-11 20:46:44.021470','\0','2023-11-12 00:12:40.640872','kky1373@naver.com','감자','$2a$10$kVyzu9qRSpNknfrF2bBUjePwqr5NkhZM/ToRjRtyTK9a29At11dB2'),(31,'2023-11-11 22:31:24.165234','\0','2023-11-11 22:31:24.165234','seo@naver.com','안녕','$2a$10$luuilCB8SdVrNJykskynqul4HoVUol70mQb9ohBtVWJb3EwZARwPe'),(32,'2023-11-11 22:33:19.418658','\0','2023-11-11 22:33:19.418658','sksmsdigustn@naver.com','현수찌','$2a$10$RuCcrzucdyz11qX/cvOr8el6LoOnv9xdjVgrB4AdXmuFGQF5Vugpq'),(33,'2023-11-11 22:38:04.184650','\0','2023-11-11 22:38:04.184650','111@naver.com','냠','$2a$10$4QDo92N0YoWSKH0y/.DeRe6iLFIpG6gNgVm6uSRdm64ghVimNjVOi'),(34,'2023-11-12 00:02:15.235735','\0','2023-11-12 00:02:15.235735','testuser1@kakao.com','aascwqasd','$2a$10$f5DMVjnWgLYF23eNYJZreu8fW3cPoRdWf4h/EQUmxoKWGQDHgHxG6'),(35,'2023-11-12 00:03:02.125165','\0','2023-11-12 00:03:02.125165','ksoomin25@gmail.com','만두','$2a$10$mrAlWQ8VdZYuCty0J0Lc7OiXnAPEljvxwH5X3OoEmb0hrJT38yE.y'),(36,'2023-11-12 00:14:43.658670','\0','2023-11-12 00:14:43.658670','mando@mando.com','mandoo','$2a$10$5B/uIhFXgRJDwZ1WIg..GeXzjbD6jYkYb1RUzzEo83Qn.JAguIfu2'),(37,'2023-11-12 00:14:59.753635','\0','2023-11-12 00:14:59.753635','joowoni99@gmail.com','modi','$2a$10$wh228uqSUak91Ckjyo.IEuX4cB1O93i3mFOZn.xibTmkJtB/YGFH.'),(38,'2023-11-12 00:15:17.263277','\0','2023-11-12 00:15:17.263277','test1@kakao.com','dd','$2a$10$/6WVgE5D7D.IpsgYYjwG1uu1EQGxBPNFeJbzJA7NkhOWh5S07iLm6'),(39,'2023-11-12 00:24:51.488131','\0','2023-11-12 00:24:51.488131','smart0513@naver.com','준many','$2a$10$LMabM9vIBEgdJVl4U5xzZOGWAroJq1Nc/92S1zsclAP0QJcRS6Otu'),(40,'2023-11-12 11:31:48.875928','\0','2023-11-12 11:31:48.875928','kdy241@naver.com','김피탕','$2a$10$ISF.EuXs4fDi8c.aAmGM9.C7rUuCMQzb6qgWMIjAZi0IDPI4isTaC'),(41,'2023-11-12 14:16:12.071090','\0','2023-11-12 14:16:12.071090','goalajuja@gola.com','골라주자','$2a$10$kEREtkqlXEXduVZ0UO2Ww.XZI7aGxvd.eDGy8EKtjaSFhg.EkG7TO'),(42,'2023-11-12 16:28:30.102074','\0','2023-11-12 16:28:30.102074','hyunsoo@naver.com','보켄서','$2a$10$R/adh0iFskAMzmw5IHfRceNv9jTrI/FGucDQPQbsQmuIcxMukj/AO'),(43,'2023-11-12 19:47:57.156464','\0','2023-11-13 15:29:36.706171','wjdrkdms2513@naver.com','2Q','$2a$10$TtNrJX2S4rsZXudeYv9YiOsLP3BfOUgagU9YXBSKGxtyhc3zEZRpm'),(44,'2023-11-12 23:25:18.998842','\0','2023-11-12 23:26:28.066191','bada@example.com','뽀또','$2a$10$O9z4Ya.LcA8k1t1GFluWsOaFh1uPcu3kf8e0JPA0RLfPzcBaL2Ou2'),(45,'2023-11-13 11:09:31.386330','\0','2023-11-13 11:09:31.386330','dddd@dddd.ddd','동동매니저','$2a$10$Tk8IYINmLLK1Zx2RcR7rd.h0DANydxYsN8IJlUZuW0mO9piSUQna.'),(46,'2023-11-13 16:13:44.799681','\0','2023-11-13 16:13:44.799681','juyeongnoh@gmail.com','노주영','$2a$10$7zKJso/I/euIiRPFDHLgSeY2TbZIkcwT5GgkPYQRrBYtkLVgSePN2'),(47,'2023-11-13 16:20:57.311005','\0','2023-11-13 16:20:57.311005','tech.campus@kakaocorp.com','테스트','$2a$10$MA6U.xogRc4gn4uoftUuHeWSZ6yUBw61JPCMnPZrlO2HO61otniuS'),(48,'2023-11-13 16:21:29.846089','\0','2023-11-13 16:21:29.846089','jeenii22@naver.com','jeenii22','$2a$10$lUuH0PtBFuczfsXLlh2V2uA0m4El8V97c6.E7vYsfdOl5bglCKw8W'),(49,'2023-11-13 17:05:08.009498','\0','2023-11-13 17:05:08.009498','kkk@naver.com','골라주마','$2a$10$ux7nTE5.D2pAwN6pgA6/ROCi7paWiETLORhoAO5brcGxf1DioaRQu'),(50,'2023-11-13 17:27:36.091891','\0','2023-11-13 17:27:36.091891','11@nate.com','ㅣ','$2a$10$wWJ4cVJsez9uI/lB0NFH8..1nm2BEJdee1/8/hCReIXI3sP5.PcuS'),(51,'2023-11-13 18:00:26.772231','\0','2023-11-13 18:00:26.772231','12345@naver.com','바보','$2a$10$2UWo22gC7f00SIHnB0d4meiIjNiqgw9.nDwsd6eRCyl4yJsC83MSW'),(52,'2023-11-13 22:30:57.525395','\0','2023-11-13 22:30:57.525395','test@gmail.com','test','$2a$10$9ebSQ0eOijnS4Z4KdMjmDeYNuvxym8uE9W0oEGw6R7tuzTi6xPoZm');
/*!40000 ALTER TABLE `user` ENABLE KEYS */;
UNLOCK TABLES;

--
-- Table structure for table `vote`
--

DROP TABLE IF EXISTS `vote`;
/*!40101 SET @saved_cs_client     = @@character_set_client */;
/*!40101 SET character_set_client = utf8 */;
CREATE TABLE `vote` (
  `vote_id` bigint(20) NOT NULL AUTO_INCREMENT,
  `created_date` datetime(6) NOT NULL,
  `deleted` bit(1) NOT NULL,
  `updated_date` datetime(6) NOT NULL,
  `vote_category` varchar(255) NOT NULL,
  `user_id` bigint(20) NOT NULL,
  `vote_content` varchar(1000) DEFAULT NULL,
  `vote_end_date` datetime(6) NOT NULL,
  `vote_title` varchar(256) NOT NULL,
  `vote_total_count` int(11) NOT NULL,
  `vote_type` varchar(255) DEFAULT NULL,
  PRIMARY KEY (`vote_id`),
  FULLTEXT KEY `idx_vote_content_title` (`vote_title`,`vote_content`)
) ENGINE=InnoDB AUTO_INCREMENT=54 DEFAULT CHARSET=utf8mb4 COLLATE=utf8mb4_general_ci;
/*!40101 SET character_set_client = @saved_cs_client */;

--
-- Dumping data for table `vote`
--

LOCK TABLES `vote` WRITE;
/*!40000 ALTER TABLE `vote` DISABLE KEYS */;
INSERT INTO `vote` VALUES (1,'2023-11-11 19:13:01.000000','\0','2023-11-13 16:23:47.591334','TOTAL',1,'낼모레 축제인데 츄리닝은 오바지?','2023-11-14 19:13:01.000000','축제 때 어떤 옷 입고갈까?',31,'기본'),(2,'2023-11-11 19:14:01.000000','\0','2023-11-13 11:09:59.638734','MOVIE',2,'재밌는게 너무 많앙','2023-11-14 19:13:01.000000','넷플릭스 뭐 볼지 추천 좀 ㅠㅠ',14,'기본'),(3,'2023-11-11 19:15:01.000000','\0','2023-11-13 16:14:54.970834','TOTAL',2,'ㅇㅈ?','2023-11-14 19:13:01.000000','학교가기싫다',17,'기본'),(4,'2023-11-11 19:16:01.000000','\0','2023-11-13 11:09:57.317489','FOOD',3,'넷 중에 하나로 갈 예정임','2023-11-14 19:13:01.000000','여자친구랑 데이트 뭐 먹을까요?',21,'기본'),(5,'2023-11-11 19:18:01.000000','\0','2023-11-11 19:18:01.000000','TOTAL',4,'이제 대학교 2학년 올라가는데 군대를 가야할지 말아야할지 고민이에요.. 사실 얼마 안 된 여친이 있는데 헤어지기 너무 싫어요','2023-09-27 00:00:00.000000','군대..가야하나?',6,'기본'),(7,'2023-11-11 21:13:01.000000','\0','2023-11-11 21:13:01.000000','WHAT',1,'오늘 12시까지인데 하기 너무 싫어 ㅠㅠ','2023-09-26 00:00:00.000000','과제를 지금 할까 말까',6,'기본'),(9,'2023-11-11 21:18:01.000000','\0','2023-11-11 21:18:01.000000','TOTAL',2,'컴활 진짜 중요해? 따는거 추천함?','2023-10-20 00:00:00.000000','컴활 딸까 말까?',8,'기본'),(11,'2023-11-11 19:20:43.738541','\0','2023-11-11 19:21:06.655874','TOTAL',27,'','2023-11-11 19:21:06.655483','테스트입니다',0,'null'),(12,'2023-11-11 19:21:39.488497','\0','2023-11-11 19:29:06.670581','TOTAL',27,'','2023-11-11 19:29:06.670329','시나리오 먼저 쓰기 vs 리드미 먼저 쓰기',0,'null'),(13,'2023-11-11 19:25:30.850779','\0','2023-11-11 19:29:03.131000','TOTAL',27,'1','2023-11-11 19:29:03.130597','test',0,'null'),(14,'2023-11-11 19:33:39.701882','\0','2023-11-12 11:34:12.751217','TOTAL',27,'10억을 받는 대신 내가 가장 싫어하는 사람이 100억을 받음 vs 그냥 1억 받기','2023-11-12 19:33:39.701427','밸런스게임',7,'null'),(15,'2023-11-11 21:04:28.360199','\0','2023-11-12 11:34:11.426796','TOTAL',30,'','2023-11-12 21:04:28.359146','10억받고 얼굴랜덤 돌리기 vs 지금 얼굴로 살기',8,'null'),(16,'2023-11-11 22:20:52.411248','\0','2023-11-11 22:31:44.141136','TOTAL',30,'','2023-11-11 22:31:44.140890','이미지',0,'null'),(17,'2023-11-11 22:22:15.910659','\0','2023-11-11 23:14:27.956855','TOTAL',30,'','2023-11-11 23:14:27.956491','이미지리사이즈',3,'null'),(18,'2023-11-11 23:11:24.791057','\0','2023-11-12 00:22:30.431231','TOTAL',30,'','2023-11-12 00:22:30.431002','골라줘',3,'null'),(19,'2023-11-11 23:11:31.810327','\0','2023-11-12 22:20:34.286530','TOTAL',28,'','2023-11-12 22:20:34.286336','뭐먹지',5,'null'),(20,'2023-11-11 23:15:46.669918','\0','2023-11-12 18:09:45.747135','TOTAL',26,'제발...','2023-11-12 23:15:46.669433','내일 롤드컵 4강 누가 이길까?',7,'null'),(21,'2023-11-11 23:42:48.689654','\0','2023-11-12 16:29:34.321270','TOTAL',27,'두구두구','2023-11-12 23:42:48.686079','카테캠 개발 끝나는 오늘 12시..내일은 뭘할것인가?',12,'null'),(22,'2023-11-12 00:04:48.826498','\0','2023-11-12 22:20:35.438060','TOTAL',35,'미얀해... 테크 리더인데 내가 리더인데 나도 리더가 처음이라 미얀해 우리 BE들 암쏘쏘리~ 근데 난 재밌었어요...\n인증인가 제대로 하고 싶었는데 시큐리티 안 쓰고 하고 싶었는데 맨날 시간 없어서 도전 못 했는데 덕분에 도전 해봄 ㅋ 땡큐 BE들!','2023-11-12 22:20:35.437965','수고했다',7,'null'),(23,'2023-11-12 00:09:12.014609','\0','2023-11-12 18:09:44.387118','TOTAL',30,'누구 데려올까? 둘 다 바로 데려올수 있어 \n고민된다 둘다귀여움','2023-11-13 00:09:12.014260','동숲 주민',10,'null'),(24,'2023-11-12 00:15:44.220376','\0','2023-11-12 00:16:40.331790','LISTEN',27,'','2023-11-12 00:16:40.331572','좀 더 해볼래?',1,'null'),(25,'2023-11-12 00:15:44.293326','\0','2023-11-13 16:22:33.874914','LISTEN',27,'','2023-11-15 00:15:44.293077','좀 더 해볼래?',7,'null'),(26,'2023-11-12 00:17:30.120900','\0','2023-11-12 00:21:09.711432','TOTAL',30,'','2023-11-12 00:21:09.711149','질문 등록 왜 두번되지',0,'null'),(27,'2023-11-12 00:18:55.914786','\0','2023-11-13 16:22:30.019221','TOTAL',27,'수요일까지 초안제출, 목요일까지 제출입니다','2023-11-15 00:18:55.913559','다음 회의 날짜',10,'null'),(28,'2023-11-12 00:26:13.314420','\0','2023-11-12 00:27:34.120912','TOTAL',30,'','2023-11-12 00:27:34.120697','뭐먼저할까',0,'null'),(29,'2023-11-12 00:27:49.761242','\0','2023-11-12 00:28:17.333954','TOTAL',30,'','2023-11-12 00:28:17.333729','Rmx',0,'null'),(30,'2023-11-12 00:36:03.939723','\0','2023-11-12 00:36:17.761516','TOTAL',30,'','2023-11-12 00:36:17.761313','한번',0,'null'),(31,'2023-11-12 00:36:03.939729','\0','2023-11-12 00:36:33.440519','TOTAL',30,'','2023-11-12 00:36:33.440365','한번',0,'null'),(32,'2023-11-12 00:36:03.950469','\0','2023-11-12 00:39:46.415161','TOTAL',30,'','2023-11-12 00:39:46.415017','한번',0,'null'),(33,'2023-11-12 00:36:03.953052','\0','2023-11-12 00:39:27.267817','TOTAL',30,'','2023-11-12 00:39:27.267670','한번',0,'null'),(34,'2023-11-12 00:36:03.953042','\0','2023-11-12 00:39:43.472009','TOTAL',30,'','2023-11-12 00:39:43.471842','한번',0,'null'),(35,'2023-11-12 00:36:03.955058','\0','2023-11-12 00:36:36.495511','TOTAL',30,'','2023-11-12 00:36:36.495339','한번',0,'null'),(36,'2023-11-12 00:36:03.953865','\0','2023-11-12 00:36:38.667967','TOTAL',30,'','2023-11-12 00:36:38.667793','한번',0,'null'),(37,'2023-11-12 00:36:03.959363','\0','2023-11-12 00:39:23.206427','TOTAL',30,'','2023-11-12 00:39:23.206207','한번',0,'null'),(38,'2023-11-12 00:36:03.961421','\0','2023-11-12 00:36:24.626400','TOTAL',30,'','2023-11-12 00:36:24.626256','한번',0,'null'),(39,'2023-11-12 00:36:03.967482','\0','2023-11-12 00:36:22.659466','TOTAL',30,'','2023-11-12 00:36:22.659308','한번',0,'null'),(40,'2023-11-12 00:45:15.874906','\0','2023-11-12 00:45:21.977603','TOTAL',30,'','2023-11-12 00:45:21.977400','112',0,'null'),(41,'2023-11-12 00:45:27.286162','\0','2023-11-12 00:45:39.322442','TOTAL',30,'','2023-11-12 00:45:39.322278','12',0,'null'),(42,'2023-11-12 00:46:10.582723','\0','2023-11-12 19:14:46.236850','TOTAL',30,'','2023-11-12 19:14:46.236340','등록 테스트입니다',2,'null'),(43,'2023-11-12 18:22:25.312733','\0','2023-11-13 16:22:27.814888','TOTAL',35,'','2023-11-13 18:22:25.312391','낼 아침 웹프실 수업을 간다 안간다',8,'null'),(44,'2023-11-12 22:17:49.365553','\0','2023-11-13 16:22:16.654324','TOTAL',35,'내일 골라주마팀 회의 참석여부','2023-11-13 22:17:49.365031','내일 골라주마팀 회의',8,'null'),(45,'2023-11-13 15:31:33.223103','\0','2023-11-13 21:32:19.714463','TOTAL',43,'요즘 발 시려죽겠는데 털슬리퍼가 낫나요 어그부츠가 낫나요 추천죰','2023-11-16 15:31:33.222745','털슬리퍼 vs 어그부츠',7,'null'),(46,'2023-11-13 15:40:31.142938','\0','2023-11-13 16:55:27.597567','FOOD',30,'동명동에서 짇짜 맛있어보이는 카페 찾았는데 머먹을까\n\n\'뽀얌과자점\'\nhttps://baemin.me/DCJ-W09AC','2023-11-13 16:55:27.597387','머시킬까',4,'null'),(47,'2023-11-13 16:23:19.294602','\0','2023-11-13 19:48:33.472769','LISTEN',48,'김감자 한입 베어물까요','2023-11-14 16:23:19.294297','감자 한 입 베어물까 말까',3,'null'),(48,'2023-11-13 16:35:32.368684','\0','2023-11-13 22:00:14.326551','FOOD',30,'김치찜 어디가 젤 맛있나용','2023-11-16 16:35:32.368281','김치찜',5,'null'),(49,'2023-11-13 17:51:50.597104','\0','2023-11-13 21:59:14.149008','TOTAL',28,'','2023-11-14 17:51:50.596874','뭐가 더이뻐',5,'null'),(50,'2023-11-13 17:54:13.226095','\0','2023-11-13 17:56:28.577982','TOTAL',27,'','2023-11-13 17:56:28.577852','이미지 테스트',0,'null'),(51,'2023-11-13 17:54:14.888826','\0','2023-11-13 22:31:12.129182','TOTAL',28,'뭐가 더 나음?','2023-11-14 17:54:14.888682','배경화면 ㅊㅊ',7,'null'),(52,'2023-11-13 17:55:10.358905','\0','2023-11-13 18:01:18.852339','TOTAL',42,'','2023-11-13 18:25:10.358717','1 vs 2',7,'null'),(53,'2023-11-13 22:32:00.057632','\0','2023-11-13 22:32:09.048867','TOTAL',52,'ㄷㅅㄴ','2023-11-13 22:32:09.048702','ㅅㄴㅅ',0,'null');
/*!40000 ALTER TABLE `vote` ENABLE KEYS */;
UNLOCK TABLES;

--
-- Table structure for table `vote_option`
--

DROP TABLE IF EXISTS `vote_option`;
/*!40101 SET @saved_cs_client     = @@character_set_client */;
/*!40101 SET character_set_client = utf8 */;
CREATE TABLE `vote_option` (
  `option_id` bigint(20) NOT NULL AUTO_INCREMENT,
  `created_date` datetime(6) NOT NULL,
  `deleted` bit(1) NOT NULL,
  `updated_date` datetime(6) NOT NULL,
  `option_count` int(11) DEFAULT NULL,
  `option_image` varchar(255) DEFAULT NULL,
  `option_name` varchar(255) NOT NULL,
  `option_vote_id` bigint(20) NOT NULL,
  PRIMARY KEY (`option_id`)
) ENGINE=InnoDB AUTO_INCREMENT=116 DEFAULT CHARSET=utf8mb4 COLLATE=utf8mb4_general_ci;
/*!40101 SET character_set_client = @saved_cs_client */;

--
-- Dumping data for table `vote_option`
--

LOCK TABLES `vote_option` WRITE;
/*!40000 ALTER TABLE `vote_option` DISABLE KEYS */;
INSERT INTO `vote_option` VALUES (1,'2023-11-11 19:13:01.000000','\0','2023-11-13 16:24:10.835212',10,NULL,'캐쥬얼한 조끼니트',1),(2,'2023-11-11 19:13:01.000000','\0','2023-11-13 16:24:12.471435',15,NULL,'힙합!',1),(3,'2023-11-11 19:13:01.000000','\0','2023-11-13 16:24:12.471499',6,NULL,'츄리닝',1),(4,'2023-11-11 19:14:01.000000','\0','2023-11-13 11:09:59.638820',11,NULL,'무서운이야기',2),(5,'2023-11-11 19:14:01.000000','\0','2023-11-11 19:14:01.000000',3,NULL,'오징어게임3',2),(6,'2023-11-11 19:15:01.000000','\0','2023-11-13 11:09:58.547003',3,NULL,'갈까?',3),(7,'2023-11-11 19:15:01.000000','\0','2023-11-13 16:14:54.970940',14,NULL,'말까?',3),(8,'2023-11-11 19:16:01.000000','\0','2023-11-13 01:19:40.152436',3,NULL,'짜이나궁',4),(9,'2023-11-11 19:16:01.000000','\0','2023-11-13 01:19:44.426823',2,NULL,'라쿵푸마라탕',4),(10,'2023-11-11 19:16:01.000000','\0','2023-11-13 11:09:57.317553',6,NULL,'로니로티',4),(11,'2023-11-11 19:16:01.000000','\0','2023-11-13 01:19:45.387827',11,NULL,'상무초밥',4),(12,'2023-11-11 19:18:01.000000','\0','2023-11-11 19:18:01.000000',5,NULL,'걍 가라',5),(13,'2023-11-11 19:18:01.000000','\0','2023-11-11 19:18:01.000000',1,NULL,'가지마라',5),(16,'2023-11-11 21:13:01.000000','\0','2023-11-11 21:13:01.000000',3,NULL,'지금 하자',7),(17,'2023-11-11 21:13:01.000000','\0','2023-11-11 21:13:01.000000',3,NULL,'좀만 놀다 하자',7),(18,'2023-11-11 21:13:01.000000','\0','2023-11-11 21:13:01.000000',4,NULL,'한번은 제껴도 됨',7),(21,'2023-11-11 21:18:01.000000','\0','2023-11-11 21:18:01.000000',4,NULL,'딴다',9),(22,'2023-11-11 21:18:01.000000','\0','2023-11-11 21:18:01.000000',4,NULL,'그걸 왜 함',9),(25,'2023-11-11 19:20:43.747355','\0','2023-11-11 19:20:43.747355',0,'/home/gradle/src/main/java/com/kakao/golajuma/vote/infra/images/9aba33f2-8b97-46ab-b70c-019db27c3180_2.jpeg','2',11),(26,'2023-11-11 19:20:43.749698','\0','2023-11-11 19:20:43.749698',0,NULL,'3',11),(27,'2023-11-11 19:21:39.490693','\0','2023-11-11 19:21:39.490693',0,NULL,'1',12),(28,'2023-11-11 19:21:39.495755','\0','2023-11-11 19:21:39.495755',0,NULL,'2',12),(29,'2023-11-11 19:25:30.852889','\0','2023-11-11 19:25:30.852889',0,NULL,'1',13),(30,'2023-11-11 19:25:30.854461','\0','2023-11-11 19:25:30.854461',0,NULL,'2',13),(31,'2023-11-11 19:33:39.703589','\0','2023-11-12 11:34:12.751365',5,NULL,'1',14),(32,'2023-11-11 19:33:39.704674','\0','2023-11-12 04:00:33.443101',2,NULL,'2',14),(33,'2023-11-11 21:04:28.361780','\0','2023-11-12 04:00:26.706211',4,NULL,'전자',15),(34,'2023-11-11 21:04:28.362848','\0','2023-11-12 11:34:11.427065',4,NULL,'후자',15),(35,'2023-11-11 22:20:52.425705','\0','2023-11-11 22:20:52.425705',0,'/home/gradle/src/main/java/com/kakao/golajuma/vote/infra/images/90156c12-c8f4-4214-84b0-63b3d07db665_1.jpeg','1',16),(36,'2023-11-11 22:20:52.428713','\0','2023-11-11 22:20:52.428713',0,NULL,'2',16),(37,'2023-11-11 22:22:15.916303','\0','2023-11-11 22:38:23.375249',2,'/home/gradle/src/main/java/com/kakao/golajuma/vote/infra/images/19555e38-fef8-41e4-b899-5842548dad7a_샐러드.jpeg','샐러드',17),(38,'2023-11-11 22:22:15.918451','\0','2023-11-11 22:38:23.378051',1,NULL,'22',17),(39,'2023-11-11 23:11:24.794042','\0','2023-11-12 00:03:22.399027',1,'/home/gradle/src/main/java/com/kakao/golajuma/vote/infra/images/6083e325-dc9f-4e2c-9d01-90ab1ed0ba50_토끼.jpeg','토끼',18),(40,'2023-11-11 23:11:24.798418','\0','2023-11-12 00:11:53.629239',2,'/home/gradle/src/main/java/com/kakao/golajuma/vote/infra/images/21a75d87-10ce-4b14-9552-7c54e7ec7d89_기니피그.jpeg','기니피그',18),(41,'2023-11-11 23:11:31.813891','\0','2023-11-12 18:09:51.964478',2,'/home/gradle/src/main/java/com/kakao/golajuma/vote/infra/images/1fc236a3-e1b4-4f09-b47e-4e63dde91a33_케익.jpeg','케익',19),(42,'2023-11-11 23:11:31.816750','\0','2023-11-12 18:09:51.966629',3,'/home/gradle/src/main/java/com/kakao/golajuma/vote/infra/images/eb3be77d-e32e-4290-8f3f-fe23d88b0550_감튀.jpeg','감튀',19),(43,'2023-11-11 23:15:46.672810','\0','2023-11-12 16:29:38.958213',4,'/home/gradle/src/main/java/com/kakao/golajuma/vote/infra/images/33396143-cb9c-4ad9-afdd-cc6ff4b00719_T1.jpeg','T1',20),(44,'2023-11-11 23:15:46.675671','\0','2023-11-12 18:09:45.747211',3,'/home/gradle/src/main/java/com/kakao/golajuma/vote/infra/images/00f6f90b-d9b4-4112-ac85-3a8978190f1c_JDG.jpeg','JDG',20),(45,'2023-11-11 23:42:48.704831','\0','2023-11-12 16:49:00.568432',6,'/home/gradle/src/main/java/com/kakao/golajuma/vote/infra/images/52fbbed4-8ef6-4b08-a1bc-6eccee5b37c9_뒹굴뒹굴.jpeg','뒹굴뒹굴',21),(46,'2023-11-11 23:42:48.706526','\0','2023-11-12 11:34:07.948753',4,NULL,'광야로 걸어가',21),(47,'2023-11-11 23:42:48.707882','\0','2023-11-12 16:49:00.571366',2,NULL,'알아 내 홈그라운',21),(48,'2023-11-12 00:04:48.828074','\0','2023-11-12 16:48:55.767235',3,NULL,'수고했다',22),(49,'2023-11-12 00:04:48.829197','\0','2023-11-12 16:48:55.767339',4,NULL,'수고했다',22),(50,'2023-11-12 00:09:12.017770','\0','2023-11-12 18:09:44.387193',4,'/home/gradle/src/main/java/com/kakao/golajuma/vote/infra/images/1d9da420-afe0-43aa-82be-184157284442_티나.jpeg','티나',23),(51,'2023-11-12 00:09:12.020909','\0','2023-11-12 14:16:38.688310',6,'/home/gradle/src/main/java/com/kakao/golajuma/vote/infra/images/a4f31cf3-7bbe-4431-84a6-366a0ee6ae62_사이다.jpeg','사이다',23),(52,'2023-11-12 00:15:44.222369','\0','2023-11-12 00:16:37.844054',1,'/home/gradle/src/main/java/com/kakao/golajuma/vote/infra/images/fe982bed-09e9-4228-acaa-eefbe1df618f_가보자~.jpeg','가보자~',24),(53,'2023-11-12 00:15:44.223281','\0','2023-11-12 00:16:37.841034',0,NULL,'좀만 쉴게요',24),(54,'2023-11-12 00:15:44.223970','\0','2023-11-12 00:15:44.223970',0,NULL,'좀 바빠요',24),(55,'2023-11-12 00:15:44.295016','\0','2023-11-13 16:22:33.874990',6,'/home/gradle/src/main/java/com/kakao/golajuma/vote/infra/images/cc8b17d6-1f9d-44f9-9173-edb071209419_가보자~.jpeg','가보자~',25),(56,'2023-11-12 00:15:44.296063','\0','2023-11-12 16:48:48.960837',2,NULL,'좀만 쉴게요',25),(57,'2023-11-12 00:15:44.296948','\0','2023-11-12 16:48:48.963240',1,NULL,'좀 바빠요',25),(58,'2023-11-12 00:17:30.122119','\0','2023-11-12 00:17:30.122119',0,NULL,'ㅣ',26),(59,'2023-11-12 00:17:30.123447','\0','2023-11-12 00:19:44.704527',0,NULL,'2',26),(60,'2023-11-12 00:18:55.916785','\0','2023-11-13 16:22:30.019285',3,NULL,'일',27),(61,'2023-11-12 00:18:55.917956','\0','2023-11-13 18:06:01.836629',5,NULL,'월',27),(62,'2023-11-12 00:18:55.918862','\0','2023-11-13 18:06:01.838788',2,NULL,'화',27),(63,'2023-11-12 00:26:13.318069','\0','2023-11-12 00:26:13.318069',0,NULL,'우테코',28),(64,'2023-11-12 00:26:13.319380','\0','2023-11-12 00:26:13.319380',0,NULL,'과제',28),(65,'2023-11-12 00:27:49.762372','\0','2023-11-12 00:27:49.762372',0,NULL,'1',29),(66,'2023-11-12 00:27:49.763091','\0','2023-11-12 00:27:49.763091',0,NULL,'2',29),(67,'2023-11-12 00:36:03.940869','\0','2023-11-12 00:36:03.940869',0,NULL,'만',31),(68,'2023-11-12 00:36:03.940851','\0','2023-11-12 00:36:03.940851',0,NULL,'만',30),(69,'2023-11-12 00:36:03.941981','\0','2023-11-12 00:36:03.941981',0,NULL,'등록',30),(70,'2023-11-12 00:36:03.941928','\0','2023-11-12 00:36:03.941928',0,NULL,'등록',31),(71,'2023-11-12 00:36:03.954461','\0','2023-11-12 00:36:03.954461',0,NULL,'만',34),(72,'2023-11-12 00:36:03.953108','\0','2023-11-12 00:36:03.953108',0,NULL,'만',32),(73,'2023-11-12 00:36:03.955352','\0','2023-11-12 00:36:03.955352',0,NULL,'만',33),(74,'2023-11-12 00:36:03.956030','\0','2023-11-12 00:36:03.956030',0,NULL,'만',36),(75,'2023-11-12 00:36:03.956009','\0','2023-11-12 00:36:03.956009',0,NULL,'등록',32),(76,'2023-11-12 00:36:03.956227','\0','2023-11-12 00:36:03.956227',0,NULL,'등록',33),(77,'2023-11-12 00:36:03.956589','\0','2023-11-12 00:36:03.956589',0,NULL,'만',35),(78,'2023-11-12 00:36:03.956923','\0','2023-11-12 00:36:03.956923',0,NULL,'등록',36),(79,'2023-11-12 00:36:03.957674','\0','2023-11-12 00:36:03.957674',0,NULL,'등록',35),(80,'2023-11-12 00:36:03.955359','\0','2023-11-12 00:36:03.955359',0,NULL,'등록',34),(81,'2023-11-12 00:36:03.963855','\0','2023-11-12 00:36:03.963855',0,NULL,'만',37),(82,'2023-11-12 00:36:03.963952','\0','2023-11-12 00:36:03.963952',0,NULL,'만',38),(83,'2023-11-12 00:36:03.964807','\0','2023-11-12 00:36:03.964807',0,NULL,'등록',37),(84,'2023-11-12 00:36:03.965300','\0','2023-11-12 00:36:03.965300',0,NULL,'등록',38),(85,'2023-11-12 00:36:03.969223','\0','2023-11-12 00:36:03.969223',0,NULL,'만',39),(86,'2023-11-12 00:36:03.970044','\0','2023-11-12 00:36:03.970044',0,NULL,'등록',39),(87,'2023-11-12 00:45:15.876262','\0','2023-11-12 00:45:15.876262',0,NULL,'22',40),(88,'2023-11-12 00:45:15.877084','\0','2023-11-12 00:45:15.877084',0,NULL,'233',40),(89,'2023-11-12 00:45:27.288151','\0','2023-11-12 00:45:27.288151',0,NULL,'22',41),(90,'2023-11-12 00:45:27.288860','\0','2023-11-12 00:45:27.288860',0,NULL,'33',41),(91,'2023-11-12 00:46:10.584596','\0','2023-11-12 18:10:03.778100',1,NULL,'1',42),(92,'2023-11-12 00:46:10.585341','\0','2023-11-12 18:10:03.780427',1,NULL,'2',42),(93,'2023-11-12 18:22:25.314302','\0','2023-11-13 09:13:36.793973',3,NULL,'간다',43),(94,'2023-11-12 18:22:25.315165','\0','2023-11-13 16:22:27.814985',5,NULL,'안간다',43),(95,'2023-11-12 22:17:49.367670','\0','2023-11-13 15:26:55.440183',4,NULL,'참석',44),(96,'2023-11-12 22:17:49.369236','\0','2023-11-13 16:22:16.654410',4,NULL,'불참석',44),(97,'2023-11-13 15:31:33.228491','\0','2023-11-13 21:32:19.714530',3,NULL,'어그슬리퍼',45),(98,'2023-11-13 15:31:33.229264','\0','2023-11-13 16:45:13.567775',4,NULL,'어그부츠',45),(99,'2023-11-13 15:40:31.144837','\0','2023-11-13 16:21:56.285520',2,'/home/gradle/src/main/java/com/kakao/golajuma/vote/infra/images/1ec844e7-e7b0-4b83-876a-d8bf9fe67749_소금빵.jpeg','소금빵',46),(100,'2023-11-13 15:40:31.146478','\0','2023-11-13 16:44:10.059020',2,'/home/gradle/src/main/java/com/kakao/golajuma/vote/infra/images/671285b9-2152-4e4e-ba62-d0e8aca7fd64_바닐라 마카롱.jpeg','바닐라 마카롱',46),(101,'2023-11-13 16:23:19.296118','\0','2023-11-13 22:33:38.980720',1,NULL,'베어문다',47),(102,'2023-11-13 16:23:19.297098','\0','2023-11-13 22:33:38.983011',2,NULL,'뱉어라',47),(103,'2023-11-13 16:35:32.370250','\0','2023-11-13 17:27:51.674385',0,NULL,'고품',48),(104,'2023-11-13 16:35:32.371426','\0','2023-11-13 16:43:22.858380',1,NULL,'바른김치찜',48),(105,'2023-11-13 16:35:32.372206','\0','2023-11-13 22:00:14.326617',4,NULL,'가마솥 김치찜',48),(106,'2023-11-13 17:51:50.599025','\0','2023-11-13 21:59:14.149131',3,'/home/gradle/src/main/java/com/kakao/golajuma/vote/infra/images/dc08dc3a-f311-4276-b194-3b0ea488a2f9_1.jpeg','1',49),(107,'2023-11-13 17:51:50.600467','\0','2023-11-13 18:14:28.940995',2,'/home/gradle/src/main/java/com/kakao/golajuma/vote/infra/images/77f3518b-33ae-4fc1-9841-ff54bf13696a_2.jpeg','2',49),(108,'2023-11-13 17:54:13.228479','\0','2023-11-13 17:54:13.228479',0,'/home/gradle/src/main/java/com/kakao/golajuma/vote/infra/images/0a20ef91-5f00-4eef-b525-4ac955955dfb_1.jpeg','1',50),(109,'2023-11-13 17:54:13.229198','\0','2023-11-13 17:54:13.229198',0,NULL,'2',50),(110,'2023-11-13 17:54:14.891175','\0','2023-11-14 00:31:52.391550',2,'/home/gradle/src/main/java/com/kakao/golajuma/vote/infra/images/9c79a4e7-0919-4031-9daa-62ef6f1ab218_1.jpeg','1',51),(111,'2023-11-13 17:54:14.892950','\0','2023-11-14 00:31:52.396322',5,'/home/gradle/src/main/java/com/kakao/golajuma/vote/infra/images/c7723c39-c894-4f7d-91ed-ffbe6796373e_2.jpeg','2',51),(112,'2023-11-13 17:55:10.360635','\0','2023-11-13 18:06:12.625860',0,'/home/gradle/src/main/java/com/kakao/golajuma/vote/infra/images/6c82de78-5e89-486d-a05c-d8728b3e7f82_1.jpeg','1',52),(113,'2023-11-13 17:55:10.362043','\0','2023-11-13 18:06:12.628084',7,'/home/gradle/src/main/java/com/kakao/golajuma/vote/infra/images/43adbf4c-4ba5-4e4a-923a-e94cc265ca09_2.jpeg','2',52),(114,'2023-11-13 22:32:00.058637','\0','2023-11-13 22:32:00.058637',0,NULL,'ㄷ',53),(115,'2023-11-13 22:32:00.059756','\0','2023-11-13 22:32:00.059756',0,NULL,'ㄷ',53);
/*!40000 ALTER TABLE `vote_option` ENABLE KEYS */;
UNLOCK TABLES;
/*!40103 SET TIME_ZONE=@OLD_TIME_ZONE */;

/*!40101 SET SQL_MODE=@OLD_SQL_MODE */;
/*!40014 SET FOREIGN_KEY_CHECKS=@OLD_FOREIGN_KEY_CHECKS */;
/*!40014 SET UNIQUE_CHECKS=@OLD_UNIQUE_CHECKS */;
/*!40101 SET CHARACTER_SET_CLIENT=@OLD_CHARACTER_SET_CLIENT */;
/*!40101 SET CHARACTER_SET_RESULTS=@OLD_CHARACTER_SET_RESULTS */;
/*!40101 SET COLLATION_CONNECTION=@OLD_COLLATION_CONNECTION */;
/*!40111 SET SQL_NOTES=@OLD_SQL_NOTES */;

-- Dump completed on 2023-11-14  0:40:30
